graph_id,nodes,edges,p,q,num_walks,walk_length,train_time,inference_time,total_runtime,memory_mb,sample_size,precision,recall,f1_score,roc_auc,map,true_positives
1,348,2866,0.2,0.2,5,40,3.5899455547332764,0.47531723976135254,4.065262794494629,9.606587409973145,50,0.14791666666666667,0.12369337979094076,0.13472485768500947,0.8541,0.3052993668956667,71
1,348,2866,0.2,0.2,5,80,5.52039098739624,0.4869804382324219,6.007371425628662,13.903306007385254,50,0.13865546218487396,0.11498257839721254,0.1257142857142857,0.8625,0.32496966821919376,66
1,348,2866,0.2,0.2,5,120,7.435649156570435,0.48447513580322266,7.920124292373657,17.732937812805176,50,0.14526315789473684,0.12020905923344948,0.13155386081982842,0.8507999999999999,0.32987725292137055,69
1,348,2866,0.2,0.2,10,40,5.460555553436279,0.46663427352905273,5.927189826965332,13.821234703063965,50,0.13278008298755187,0.11149825783972125,0.1212121212121212,0.8335,0.34136799380646915,64
1,348,2866,0.2,0.2,10,80,9.469901084899902,0.46749353408813477,9.937394618988037,22.31861400604248,50,0.15513626834381553,0.1289198606271777,0.14081826831588964,0.8408,0.32454801418577844,74
1,348,2866,0.2,0.2,10,120,13.172017335891724,0.501544713973999,13.673562049865723,29.961938858032227,50,0.15657620041753653,0.13066202090592335,0.14245014245014245,0.8597999999999999,0.3378622080960113,75
1,348,2866,0.2,0.2,20,40,9.242279529571533,0.5247280597686768,9.76700758934021,22.14176654815674,50,0.13800424628450106,0.1132404181184669,0.12440191387559808,0.8419,0.3257089603518174,65
1,348,2866,0.2,0.2,20,80,16.966694593429565,0.477872371673584,17.44456696510315,39.11979866027832,50,0.14255765199161424,0.11846689895470383,0.12940057088487156,0.8601,0.3318492481167551,68
1,348,2866,0.2,0.2,20,120,24.470845699310303,0.5124061107635498,24.983251810073853,54.42371845245361,50,0.1524008350730689,0.12717770034843207,0.13865147198480532,0.855,0.35540993973346924,73
1,348,2866,0.2,0.2,40,40,16.74190640449524,0.5300946235656738,17.272001028060913,38.74486255645752,50,0.13807531380753138,0.11498257839721254,0.12547528517110262,0.8606,0.3050178777930201,66
1,348,2866,0.2,0.2,40,80,32.03523921966553,0.47681665420532227,32.51205587387085,72.71890926361084,50,0.14675052410901468,0.12195121951219512,0.13320647002854424,0.8624999999999999,0.33680342746417563,70
1,348,2866,0.2,0.2,40,120,47.86273694038391,0.5244140625,48.38715100288391,103.33874893188477,50,0.15866388308977036,0.13240418118466898,0.14434947768281103,0.856,0.3194656664828976,76
1,348,2866,0.2,0.5,5,40,3.5657427310943604,0.487379789352417,4.053122520446777,9.590896606445312,50,0.1416490486257928,0.11672473867595819,0.12798471824259788,0.8413,0.3117839489331085,67
1,348,2866,0.2,0.5,5,80,5.530228853225708,0.49774956703186035,6.027978420257568,13.890955924987793,50,0.14105263157894737,0.11672473867595819,0.12774070543374644,0.836,0.3230752222687706,67
1,348,2866,0.2,0.5,5,120,7.315592527389526,0.4964029788970947,7.811995506286621,17.72236156463623,50,0.12869198312236288,0.10627177700348432,0.11641221374045803,0.8469,0.31563947531874703,61
1,348,2866,0.2,0.5,10,40,5.432297706604004,0.5230085849761963,5.9553062915802,13.814868927001953,50,0.13062098501070663,0.10627177700348432,0.11719500480307396,0.8483999999999999,0.320326062523775,61
1,348,2866,0.2,0.5,10,80,9.189480781555176,0.46558213233947754,9.655062913894653,22.303680419921875,50,0.15578947368421053,0.1289198606271777,0.14108674928503337,0.8352999999999999,0.2911619609582431,74
1,348,2866,0.2,0.5,10,120,12.951014757156372,0.46948671340942383,13.420501470565796,29.954384803771973,50,0.13742071881606766,0.1132404181184669,0.12416427889207259,0.8407,0.3179379901269692,65
1,348,2866,0.2,0.5,20,40,9.133533000946045,0.5044803619384766,9.638013362884521,22.134716987609863,50,0.14675052410901468,0.12195121951219512,0.13320647002854424,0.8413,0.3518561745685929,70
1,348,2866,0.2,0.5,20,80,16.35500955581665,0.46442508697509766,16.819434642791748,39.09938907623291,50,0.15271966527196654,0.12717770034843207,0.1387832699619772,0.8516,0.31123023522431664,73
1,348,2866,0.2,0.5,20,120,24.200356245040894,0.48700857162475586,24.68736481666565,54.40458679199219,50,0.16108786610878661,0.13414634146341464,0.14638783269961977,0.8388,0.34242292141833774,77
1,348,2866,0.2,0.5,40,40,16.40476417541504,0.48311734199523926,16.88788151741028,38.72988414764404,50,0.1425531914893617,0.11672473867595819,0.12835249042145594,0.8266,0.32172139579737613,67
1,348,2866,0.2,0.5,40,80,31.021618843078613,0.478546142578125,31.50016498565674,72.69627666473389,50,0.14587737843551796,0.12020905923344948,0.1318051575931232,0.8377,0.34443350784432375,69
1,348,2866,0.2,0.5,40,120,45.04847979545593,0.4688711166381836,45.517350912094116,103.30675029754639,50,0.1540084388185654,0.12717770034843207,0.13931297709923665,0.8518,0.3179525283557541,73
1,348,2866,0.2,0.7,5,40,3.4036102294921875,0.45501232147216797,3.8586225509643555,9.591940879821777,50,0.13655462184873948,0.1132404181184669,0.1238095238095238,0.8603,0.31264581590211843,65
1,348,2866,0.2,0.7,5,80,5.279162406921387,0.45623302459716797,5.735395431518555,13.891210556030273,50,0.1401673640167364,0.11672473867595819,0.12737642585551331,0.8272999999999999,0.2967907456237627,67
1,348,2866,0.2,0.7,5,120,7.10070276260376,0.4551992416381836,7.555902004241943,17.720160484313965,50,0.1464968152866242,0.12020905923344948,0.1320574162679426,0.8607999999999999,0.31544987416454184,69
1,348,2866,0.2,0.7,10,40,5.191266775131226,0.4594588279724121,5.650725603103638,13.80979061126709,50,0.1461864406779661,0.12020905923344948,0.13193116634799235,0.8553,0.3299199275669864,69
1,348,2866,0.2,0.7,10,80,8.662972927093506,0.46536779403686523,9.128340721130371,22.30193042755127,50,0.14285714285714285,0.11846689895470383,0.12952380952380954,0.8606,0.3856763560402516,68
1,348,2866,0.2,0.7,10,120,12.180301904678345,0.45308971405029297,12.633391618728638,29.949033737182617,50,0.13836477987421383,0.11498257839721254,0.12559467174119884,0.8439,0.34927054794981965,66
1,348,2866,0.2,0.7,20,40,8.607483863830566,0.46535682678222656,9.072840690612793,22.13133716583252,50,0.1392931392931393,0.11672473867595819,0.1270142180094787,0.8244,0.32954762544748534,67
1,348,2866,0.2,0.7,20,80,15.579081296920776,0.4633300304412842,16.04241132736206,39.09604835510254,50,0.14225941422594143,0.11846689895470383,0.12927756653992395,0.8437,0.3047938775397926,68
1,348,2866,0.2,0.7,20,120,22.933454036712646,0.45780491828918457,23.39125895500183,54.3977575302124,50,0.14225053078556263,0.11672473867595819,0.12822966507177033,0.8415000000000001,0.3199940833289979,67
1,348,2866,0.2,0.7,40,40,15.647684574127197,0.45465731620788574,16.102341890335083,38.72297668457031,50,0.1407563025210084,0.11672473867595819,0.12761904761904763,0.8424,0.366414096615077,67
1,348,2866,0.2,0.7,40,80,29.691933155059814,0.4654850959777832,30.157418251037598,72.68527507781982,50,0.1461864406779661,0.12020905923344948,0.13193116634799235,0.8347,0.3252106209487161,69
1,348,2866,0.2,0.7,40,120,44.45856475830078,0.4615285396575928,44.920093297958374,103.29460144042969,50,0.13953488372093023,0.11498257839721254,0.12607449856733527,0.8306,0.31475066175052624,66
1,348,2866,0.2,1.0,5,40,3.470857620239258,0.4665701389312744,3.9374277591705322,9.583983421325684,50,0.12578616352201258,0.10452961672473868,0.11417697431018078,0.8568,0.28331685788793626,60
1,348,2866,0.2,1.0,5,80,5.314862012863159,0.4608464241027832,5.775708436965942,13.886126518249512,50,0.1509433962264151,0.1254355400696864,0.13701236917221693,0.8336000000000001,0.3039609054765601,72
1,348,2866,0.2,1.0,5,120,7.146132707595825,0.4728057384490967,7.618938446044922,17.716747283935547,50,0.12447257383966245,0.10278745644599303,0.11259541984732825,0.8416,0.3275653250116785,59
1,348,2866,0.2,1.0,10,40,5.242497682571411,0.4772205352783203,5.7197182178497314,13.808887481689453,50,0.14105263157894737,0.11672473867595819,0.12774070543374644,0.8644,0.33528892331343313,67
1,348,2866,0.2,1.0,10,80,8.812307596206665,0.45845842361450195,9.270766019821167,22.2991361618042,50,0.1522198731501057,0.1254355400696864,0.13753581661891118,0.8325,0.30426274112338536,72
1,348,2866,0.2,1.0,10,120,12.289309024810791,0.4602053165435791,12.74951434135437,29.942760467529297,50,0.1419491525423729,0.11672473867595819,0.12810707456978968,0.8394999999999999,0.3479964252255335,67
1,348,2866,0.2,1.0,20,40,8.65910530090332,0.46119236946105957,9.12029767036438,22.12714672088623,50,0.14680851063829786,0.12020905923344948,0.132183908045977,0.8392999999999999,0.3235834901300587,69
1,348,2866,0.2,1.0,20,80,15.691586971282959,0.45631861686706543,16.147905588150024,39.09126091003418,50,0.1452991452991453,0.11846689895470383,0.1305182341650672,0.8503000000000001,0.33445322360144947,68
1,348,2866,0.2,1.0,20,120,22.79175901412964,0.46820783615112305,23.25996685028076,54.386887550354004,50,0.1320754716981132,0.10975609756097561,0.11988582302568981,0.8433,0.3234175791528734,63
1,348,2866,0.2,1.0,40,40,15.628325939178467,0.46784448623657227,16.09617042541504,38.66334247589111,50,0.13771186440677965,0.1132404181184669,0.124282982791587,0.83,0.3469437910930638,65
1,348,2866,0.2,1.0,40,80,29.598175287246704,0.47559547424316406,30.073770761489868,72.67819499969482,50,0.14853556485355648,0.12369337979094076,0.13498098859315588,0.8233,0.31271381638351015,71
1,348,2866,0.2,1.0,40,120,44.35703682899475,0.4632871150970459,44.8203239440918,103.2828893661499,50,0.15644820295983086,0.1289198606271777,0.14135625596943646,0.8158000000000001,0.3447388469887792,74
1,348,2866,0.2,1.5,5,40,3.4385101795196533,0.4910776615142822,3.9295878410339355,9.584073066711426,50,0.13900414937759337,0.11672473867595819,0.1268939393939394,0.8482999999999999,0.2965416825540542,67
1,348,2866,0.2,1.5,5,80,5.1712353229522705,0.45483899116516113,5.626074314117432,13.88409423828125,50,0.1292372881355932,0.10627177700348432,0.11663479923518164,0.8418999999999999,0.3113642643204468,61
1,348,2866,0.2,1.5,5,120,6.976709842681885,0.4615452289581299,7.438255071640015,17.71125888824463,50,0.14042553191489363,0.11498257839721254,0.1264367816091954,0.8398,0.3231665210493811,66
1,348,2866,0.2,1.5,10,40,5.142387866973877,0.46124863624572754,5.6036365032196045,13.806547164916992,50,0.1371308016877637,0.1132404181184669,0.12404580152671754,0.8250000000000001,0.299181555764068,65
1,348,2866,0.2,1.5,10,80,8.821447849273682,0.4570021629333496,9.278450012207031,22.29220199584961,50,0.1371308016877637,0.1132404181184669,0.12404580152671754,0.8274000000000001,0.3224730351910879,65
1,348,2866,0.2,1.5,10,120,12.083019256591797,0.4925577640533447,12.575577020645142,29.934447288513184,50,0.14915966386554622,0.12369337979094076,0.1352380952380952,0.8165,0.34192096451375165,71
1,348,2866,0.2,1.5,20,40,8.68772268295288,0.46083736419677734,9.148560047149658,22.12333106994629,50,0.16,0.13240418118466898,0.14489990467111535,0.8229000000000001,0.30874890628599927,76
1,348,2866,0.2,1.5,20,80,15.67705750465393,0.4687540531158447,16.145811557769775,39.08118724822998,50,0.14345991561181434,0.11846689895470383,0.1297709923664122,0.8446000000000001,0.3451912478099331,68
1,348,2866,0.2,1.5,20,120,22.86327314376831,0.45555877685546875,23.31883192062378,54.377113342285156,50,0.1522198731501057,0.1254355400696864,0.13753581661891118,0.8448,0.3424057892517276,72
1,348,2866,0.2,1.5,40,40,15.652904748916626,0.4656672477722168,16.118571996688843,38.713011741638184,50,0.12343096234309624,0.10278745644599303,0.11216730038022815,0.8002999999999999,0.3565439509136988,59
1,348,2866,0.2,1.5,40,80,29.766517400741577,0.4563140869140625,30.22283148765564,72.66431140899658,50,0.13473684210526315,0.11149825783972125,0.12202097235462345,0.8071,0.3414029829103359,64
1,348,2866,0.2,1.5,40,120,44.02539420127869,0.4570131301879883,44.482407331466675,103.26918888092041,50,0.14492753623188406,0.12195121951219512,0.13245033112582785,0.8202,0.3061256607019912,70
1,348,2866,0.2,2.0,5,40,3.4909307956695557,0.4580078125,3.9489386081695557,9.530929565429688,50,0.1228813559322034,0.10104529616724739,0.11089866156787764,0.8239000000000001,0.2485261189115144,58
1,348,2866,0.2,2.0,5,80,5.2464375495910645,0.46070122718811035,5.707138776779175,13.879020690917969,50,0.1461864406779661,0.12020905923344948,0.13193116634799235,0.8213000000000001,0.3395765494750088,69
1,348,2866,0.2,2.0,5,120,6.983606815338135,0.45635008811950684,7.439956903457642,17.707533836364746,50,0.1279317697228145,0.10452961672473868,0.11505273250239693,0.8436,0.31151419027206834,60
1,348,2866,0.2,2.0,10,40,5.183210372924805,0.45549917221069336,5.638709545135498,13.800045013427734,50,0.13771186440677965,0.1132404181184669,0.124282982791587,0.8218,0.25399280621339443,65
1,348,2866,0.2,2.0,10,80,8.848146438598633,0.46409082412719727,9.31223726272583,22.28824234008789,50,0.1416490486257928,0.11672473867595819,0.12798471824259788,0.8229000000000001,0.3244710510466814,67
1,348,2866,0.2,2.0,10,120,12.119665145874023,0.4583566188812256,12.578021764755249,29.930923461914062,50,0.14644351464435146,0.12195121951219512,0.13307984790874525,0.8462,0.30341047986480346,70
1,348,2866,0.2,2.0,20,40,8.638410329818726,0.5076766014099121,9.146086931228638,22.120972633361816,50,0.1440677966101695,0.11846689895470383,0.13001912045889102,0.8383999999999999,0.3033880928353384,68
1,348,2866,0.2,2.0,20,80,15.707492113113403,0.45882129669189453,16.166313409805298,39.07452392578125,50,0.1271186440677966,0.10452961672473868,0.1147227533460803,0.8099000000000001,0.3337036085768338,60
1,348,2866,0.2,2.0,20,120,22.83443832397461,0.4750521183013916,23.309490442276,54.370628356933594,50,0.15644820295983086,0.1289198606271777,0.14135625596943646,0.8363,0.35556987180103666,74
1,348,2866,0.2,2.0,40,40,15.845788717269897,0.47791290283203125,16.32370162010193,38.70660209655762,50,0.13588110403397027,0.11149825783972125,0.12248803827751197,0.8204,0.31422644292826846,64
1,348,2866,0.2,2.0,40,80,29.667094707489014,0.4991605281829834,30.166255235671997,72.65659523010254,50,0.14225941422594143,0.11846689895470383,0.12927756653992395,0.8009000000000001,0.33935251739149164,68
1,348,2866,0.2,2.0,40,120,44.10612368583679,0.45510411262512207,44.561227798461914,103.25900268554688,50,0.14285714285714285,0.11672473867595819,0.12847555129434324,0.8180000000000001,0.3036676836840236,67
1,348,2866,0.5,0.2,5,40,3.4856197834014893,0.45877528190612793,3.944395065307617,9.59442138671875,50,0.13900414937759337,0.11672473867595819,0.1268939393939394,0.8812999999999999,0.3169909032364983,67
1,348,2866,0.5,0.2,5,80,5.317728281021118,0.4838132858276367,5.801541566848755,13.898823738098145,50,0.14675052410901468,0.12195121951219512,0.13320647002854424,0.8541,0.3477542461429017,70
1,348,2866,0.5,0.2,5,120,7.059002637863159,0.4566841125488281,7.515686750411987,17.73313808441162,50,0.14699792960662525,0.12369337979094076,0.13434247871333962,0.8421000000000001,0.3311622060440338,71
1,348,2866,0.5,0.2,10,40,5.2250282764434814,0.476398229598999,5.7014265060424805,13.818971633911133,50,0.1368421052631579,0.1132404181184669,0.12392755004766445,0.8419000000000001,0.3036099184342648,65
1,348,2866,0.5,0.2,10,80,8.90090823173523,0.4617185592651367,9.362626791000366,22.312698364257812,50,0.14556962025316456,0.12020905923344948,0.1316793893129771,0.8700999999999999,0.3073848771219537,69
1,348,2866,0.5,0.2,10,120,12.407739400863647,0.46005749702453613,12.867796897888184,29.96470069885254,50,0.14046121593291405,0.11672473867595819,0.12749762131303521,0.8531,0.3408538477680635,67
1,348,2866,0.5,0.2,20,40,8.661827564239502,0.4658541679382324,9.127681732177734,22.14270782470703,50,0.14791666666666667,0.12369337979094076,0.13472485768500947,0.8481,0.32379370128829005,71
1,348,2866,0.5,0.2,20,80,15.875474452972412,0.4657254219055176,16.34119987487793,39.114789962768555,50,0.1407563025210084,0.11672473867595819,0.12761904761904763,0.8668,0.3089930449208031,67
1,348,2866,0.5,0.2,20,120,23.171472787857056,0.46152210235595703,23.632994890213013,54.421958923339844,50,0.16176470588235295,0.13414634146341464,0.1466666666666667,0.8665999999999999,0.3102473479922272,77
1,348,2866,0.5,0.2,40,40,15.674822330474854,0.46160292625427246,16.136425256729126,38.7407922744751,50,0.15546218487394958,0.1289198606271777,0.14095238095238094,0.859,0.3386216568738933,74
1,348,2866,0.5,0.2,40,80,29.624094486236572,0.44405078887939453,30.068145275115967,72.71826648712158,50,0.1506276150627615,0.1254355400696864,0.13688212927756652,0.8526999999999999,0.33235693005868316,72
1,348,2866,0.5,0.2,40,120,44.24213004112244,0.4843251705169678,44.726455211639404,103.33994674682617,50,0.16108786610878661,0.13414634146341464,0.14638783269961977,0.8568,0.32742991947314587,77
1,348,2866,0.5,0.5,5,40,3.432955026626587,0.45824217796325684,3.8911972045898438,9.588314056396484,50,0.13305613305613306,0.11149825783972125,0.12132701421800948,0.8674000000000001,0.31371968989616045,64
1,348,2866,0.5,0.5,5,80,5.234726190567017,0.5014960765838623,5.736222267150879,13.894972801208496,50,0.1522198731501057,0.1254355400696864,0.13753581661891118,0.8360000000000001,0.33705842404301783,72
1,348,2866,0.5,0.5,5,120,6.903524160385132,0.4612560272216797,7.3647801876068115,17.722264289855957,50,0.15611814345991562,0.1289198606271777,0.1412213740458015,0.8441,0.3028694574420677,74
1,348,2866,0.5,0.5,10,40,5.233144998550415,0.4644005298614502,5.697545528411865,13.811347007751465,50,0.13541666666666666,0.1132404181184669,0.12333965844402277,0.8359,0.32358069692523467,65
1,348,2866,0.5,0.5,10,80,8.670998811721802,0.46747922897338867,9.13847804069519,22.303088188171387,50,0.15723270440251572,0.13066202090592335,0.142721217887726,0.8466,0.34390667280271514,75
1,348,2866,0.5,0.5,10,120,12.244582176208496,0.4609386920928955,12.705520868301392,29.95184898376465,50,0.15625,0.13066202090592335,0.14231499051233396,0.8592,0.37331825040214855,75
1,348,2866,0.5,0.5,20,40,8.573689460754395,0.4874577522277832,9.061147212982178,22.135478019714355,50,0.15481171548117154,0.1289198606271777,0.14068441064638784,0.8403,0.3281493574947086,74
1,348,2866,0.5,0.5,20,80,15.627862215042114,0.46671056747436523,16.09457278251648,39.100815773010254,50,0.14465408805031446,0.12020905923344948,0.1313035204567079,0.8425000000000001,0.3166946845025889,69
1,348,2866,0.5,0.5,20,120,22.874172925949097,0.5041379928588867,23.378310918807983,54.404662132263184,50,0.14465408805031446,0.12020905923344948,0.1313035204567079,0.8541999999999998,0.3560340563834961,69
1,348,2866,0.5,0.5,40,40,15.514355421066284,0.4838693141937256,15.99822473526001,38.72847080230713,50,0.14465408805031446,0.12020905923344948,0.1313035204567079,0.8513999999999999,0.3141849666002765,69
1,348,2866,0.5,0.5,40,80,29.507894277572632,0.46698737144470215,29.974881649017334,72.69643592834473,50,0.14495798319327732,0.12020905923344948,0.13142857142857145,0.8355000000000001,0.3631009944904468,69
1,348,2866,0.5,0.5,40,120,44.8647198677063,0.46677207946777344,45.33149194717407,103.31008052825928,50,0.1509433962264151,0.1254355400696864,0.13701236917221693,0.851,0.3290554615459739,72
1,348,2866,0.5,0.7,5,40,3.4846982955932617,0.45780420303344727,3.942502498626709,9.585795402526855,50,0.1416490486257928,0.11672473867595819,0.12798471824259788,0.8591,0.3090631141976993,67
1,348,2866,0.5,0.7,5,80,5.3322765827178955,0.4939115047454834,5.826188087463379,13.89114761352539,50,0.1506276150627615,0.1254355400696864,0.13688212927756652,0.8724,0.3101842346366156,72
1,348,2866,0.5,0.7,5,120,6.936659097671509,0.4945709705352783,7.431230068206787,17.720398902893066,50,0.14102564102564102,0.11498257839721254,0.126679462571977,0.8456,0.3425894787628856,66
1,348,2866,0.5,0.7,10,40,5.255991458892822,0.48915576934814453,5.745147228240967,13.809749603271484,50,0.14012738853503184,0.11498257839721254,0.12631578947368421,0.8426,0.3073546008497892,66
1,348,2866,0.5,0.7,10,80,8.787943840026855,0.4601938724517822,9.248137712478638,22.299001693725586,50,0.1461864406779661,0.12020905923344948,0.13193116634799235,0.8463,0.32634618325444653,69
1,348,2866,0.5,0.7,10,120,12.28003191947937,0.4955151081085205,12.77554702758789,29.945858001708984,50,0.15126050420168066,0.1254355400696864,0.13714285714285715,0.8564999999999999,0.3278489081870122,72
1,348,2866,0.5,0.7,20,40,8.611132621765137,0.46036267280578613,9.071495294570923,22.12846851348877,50,0.13953488372093023,0.11498257839721254,0.12607449856733527,0.8417999999999999,0.3450829289628309,66
1,348,2866,0.5,0.7,20,80,15.908164739608765,0.45981693267822266,16.367981672286987,39.0972204208374,50,0.16344086021505377,0.13240418118466898,0.14629451395572665,0.8588000000000001,0.3441647649610513,76
1,348,2866,0.5,0.7,20,120,22.45275044441223,0.48416566848754883,22.93691611289978,54.395588874816895,50,0.15416666666666667,0.1289198606271777,0.14041745730550284,0.8568000000000001,0.3371388016486056,74
1,348,2866,0.5,0.7,40,40,15.645820379257202,0.5059652328491211,16.151785612106323,38.7225980758667,50,0.14437367303609341,0.11846689895470383,0.13014354066985645,0.8297,0.34510075073800567,68
1,348,2866,0.5,0.7,40,80,30.172234058380127,0.5228803157806396,30.695114374160767,72.68616104125977,50,0.13721413721413722,0.11498257839721254,0.12511848341232226,0.8426,0.3479175944149865,66
1,348,2866,0.5,0.7,40,120,44.556453704833984,0.4835665225982666,45.04002022743225,103.29808616638184,50,0.15176715176715178,0.12717770034843207,0.13838862559241707,0.8365,0.3559871320582104,73
1,348,2866,0.5,1.0,5,40,3.553528308868408,0.46611595153808594,4.019644260406494,9.582352638244629,50,0.1388888888888889,0.1132404181184669,0.12476007677543186,0.8533000000000001,0.27411370413267944,65
1,348,2866,0.5,1.0,5,80,5.340571165084839,0.4754493236541748,5.816020488739014,13.885751724243164,50,0.1452991452991453,0.11846689895470383,0.1305182341650672,0.8367,0.35209576446391866,68
1,348,2866,0.5,1.0,5,120,7.09180212020874,0.47545385360717773,7.567255973815918,17.711583137512207,50,0.14105263157894737,0.11672473867595819,0.12774070543374644,0.8468999999999999,0.339371587072974,67
1,348,2866,0.5,1.0,10,40,5.255391836166382,0.46570515632629395,5.721096992492676,13.805612564086914,50,0.15126050420168066,0.1254355400696864,0.13714285714285715,0.8539,0.2976232023112276,72
1,348,2866,0.5,1.0,10,80,8.776997566223145,0.45973873138427734,9.236736297607422,22.294848442077637,50,0.15677966101694915,0.1289198606271777,0.14149139579349906,0.8532000000000001,0.3176532595768838,74
1,348,2866,0.5,1.0,10,120,12.289036273956299,0.4694333076477051,12.758469581604004,29.94143295288086,50,0.14712153518123666,0.12020905923344948,0.13231064237775647,0.8552,0.3280274563809812,69
1,348,2866,0.5,1.0,20,40,8.60563325881958,0.45735788345336914,9.06299114227295,22.12264633178711,50,0.13836477987421383,0.11498257839721254,0.12559467174119884,0.8327,0.3615681758596856,66
1,348,2866,0.5,1.0,20,80,16.206496953964233,0.5520908832550049,16.75858783721924,39.08732509613037,50,0.1416490486257928,0.11672473867595819,0.12798471824259788,0.8409,0.3300425028271329,67
1,348,2866,0.5,1.0,20,120,27.242480039596558,0.4649224281311035,27.70740246772766,54.38702392578125,50,0.14255765199161424,0.11846689895470383,0.12940057088487156,0.8561,0.33537921960842854,68
1,348,2866,0.5,1.0,40,40,15.710179328918457,0.46895480155944824,16.179134130477905,38.71251392364502,50,0.14915966386554622,0.12369337979094076,0.1352380952380952,0.8318,0.3548122919201351,71
1,348,2866,0.5,1.0,40,80,29.595080137252808,0.46498775482177734,30.060067892074585,72.67418003082275,50,0.1440677966101695,0.11846689895470383,0.13001912045889102,0.827,0.32507461216809946,68
1,348,2866,0.5,1.0,40,120,44.539690256118774,0.4580214023590088,44.99771165847778,103.28358268737793,50,0.15578947368421053,0.1289198606271777,0.14108674928503337,0.8390000000000001,0.3373812307751384,74
1,348,2866,0.5,1.5,5,40,3.4934349060058594,0.462597131729126,3.9560320377349854,9.579490661621094,50,0.13347457627118645,0.10975609756097561,0.12045889101338432,0.8520999999999999,0.2969987193762911,63
1,348,2866,0.5,1.5,5,80,5.303747653961182,0.45589709281921387,5.7596447467803955,13.880899429321289,50,0.13924050632911392,0.11498257839721254,0.12595419847328243,0.8287999999999999,0.33439268889373924,66
1,348,2866,0.5,1.5,5,120,7.005362510681152,0.4934077262878418,7.498770236968994,17.708374977111816,50,0.14680851063829786,0.12020905923344948,0.132183908045977,0.8434999999999999,0.33287368761506697,69
1,348,2866,0.5,1.5,10,40,5.2741007804870605,0.45723557472229004,5.731336355209351,13.800705909729004,50,0.14225941422594143,0.11846689895470383,0.12927756653992395,0.8466,0.27123681669637556,68
1,348,2866,0.5,1.5,10,80,8.69296908378601,0.46107912063598633,9.154048204421997,22.289267539978027,50,0.14376321353065538,0.11846689895470383,0.12989493791786055,0.8472999999999999,0.3663414175193887,68
1,348,2866,0.5,1.5,10,120,12.158491373062134,0.4675412178039551,12.626032590866089,29.93398380279541,50,0.15948275862068967,0.1289198606271777,0.14258188824662812,0.8447,0.32733044227792124,74
1,348,2866,0.5,1.5,20,40,8.738470315933228,0.46558260917663574,9.204052925109863,22.11748218536377,50,0.13219616204690832,0.10801393728222997,0.11888782358581015,0.8383999999999999,0.28575523068858333,62
1,348,2866,0.5,1.5,20,80,15.756831884384155,0.5010557174682617,16.257887601852417,39.078362464904785,50,0.15690376569037656,0.13066202090592335,0.14258555133079848,0.8579,0.3335740525166296,75
1,348,2866,0.5,1.5,20,120,22.674886465072632,0.4574265480041504,23.132313013076782,54.37639808654785,50,0.15723270440251572,0.13066202090592335,0.142721217887726,0.8414999999999999,0.3530974982042346,75
1,348,2866,0.5,1.5,40,40,15.648277521133423,0.4666874408721924,16.114964962005615,38.711212158203125,50,0.13894736842105262,0.11498257839721254,0.12583412774070543,0.8345000000000001,0.34754799647131585,66
1,348,2866,0.5,1.5,40,80,29.779136896133423,0.45925378799438477,30.238390684127808,72.66133975982666,50,0.13836477987421383,0.11498257839721254,0.12559467174119884,0.8370000000000001,0.34245955958140833,66
1,348,2866,0.5,1.5,40,120,43.72973656654358,0.45941710472106934,44.18915367126465,103.2659215927124,50,0.1483050847457627,0.12195121951219512,0.1338432122370937,0.8288999999999999,0.3623100394807871,70
1,348,2866,0.5,2.0,5,40,3.483191728591919,0.4771101474761963,3.9603018760681152,9.577329635620117,50,0.13263157894736843,0.10975609756097561,0.12011439466158247,0.8408000000000001,0.3182119188001541,63
1,348,2866,0.5,2.0,5,80,5.335978746414185,0.48993778228759766,5.825916528701782,13.875068664550781,50,0.14042553191489363,0.11498257839721254,0.1264367816091954,0.8401000000000001,0.32052957220685596,66
1,348,2866,0.5,2.0,5,120,6.98237943649292,0.4707667827606201,7.45314621925354,17.704246520996094,50,0.1368421052631579,0.1132404181184669,0.12392755004766445,0.8506,0.33563181260960373,65
1,348,2866,0.5,2.0,10,40,5.303713321685791,0.4591054916381836,5.762818813323975,13.798282623291016,50,0.15466101694915255,0.12717770034843207,0.13957934990439774,0.8248,0.29876178249077406,73
1,348,2866,0.5,2.0,10,80,8.727725982666016,0.4784979820251465,9.206223964691162,22.283581733703613,50,0.14705882352941177,0.12195121951219512,0.1333333333333333,0.8376,0.34471024930348315,70
1,348,2866,0.5,2.0,10,120,12.339397430419922,0.4628431797027588,12.80224061012268,29.926685333251953,50,0.15644820295983086,0.1289198606271777,0.14135625596943646,0.8341000000000001,0.3339226474232574,74
1,348,2866,0.5,2.0,20,40,8.791595458984375,0.4837501049041748,9.27534556388855,22.114051818847656,50,0.15157894736842106,0.1254355400696864,0.13727359389895138,0.8318,0.3378203620972665,72
1,348,2866,0.5,2.0,20,80,16.055076122283936,0.47002434730529785,16.525100469589233,39.07484531402588,50,0.14767932489451477,0.12195121951219512,0.133587786259542,0.843,0.3192243005156608,70
1,348,2866,0.5,2.0,20,120,22.848402500152588,0.45876288414001465,23.307165384292603,54.369765281677246,50,0.15711252653927812,0.1289198606271777,0.14162679425837318,0.8401,0.33365305244572574,74
1,348,2866,0.5,2.0,40,40,15.577255964279175,0.5017590522766113,16.079015016555786,38.65053367614746,50,0.14556962025316456,0.12020905923344948,0.1316793893129771,0.8166,0.3495398253096332,69
1,348,2866,0.5,2.0,40,80,29.75092840194702,0.5316555500030518,30.282583951950073,72.6529951095581,50,0.15157894736842106,0.1254355400696864,0.13727359389895138,0.8166000000000001,0.32387886728493936,72
1,348,2866,0.5,2.0,40,120,44.11345028877258,0.45929551124572754,44.57274580001831,103.25393390655518,50,0.14736842105263157,0.12195121951219512,0.13346043851286937,0.8319,0.36622710003541653,70
1,348,2866,0.7,0.2,5,40,3.5165140628814697,0.4589266777038574,3.975440740585327,9.594779968261719,50,0.1320754716981132,0.10975609756097561,0.11988582302568981,0.8512000000000001,0.33237123828981263,63
1,348,2866,0.7,0.2,5,80,5.3889524936676025,0.47745275497436523,5.866405248641968,13.90060043334961,50,0.12394957983193278,0.10278745644599303,0.11238095238095239,0.8657999999999999,0.3189106190816875,59
1,348,2866,0.7,0.2,5,120,7.097580194473267,0.479994535446167,7.577574729919434,17.731950759887695,50,0.14435146443514643,0.12020905923344948,0.1311787072243346,0.8548999999999999,0.34399837452087384,69
1,348,2866,0.7,0.2,10,40,5.287006378173828,0.4795525074005127,5.766558885574341,13.816695213317871,50,0.13987473903966596,0.11672473867595819,0.12725546058879392,0.844,0.3262070681971061,67
1,348,2866,0.7,0.2,10,80,8.860452651977539,0.47594308853149414,9.336395740509033,22.31517219543457,50,0.15822784810126583,0.13066202090592335,0.14312977099236643,0.851,0.3256631212325763,75
1,348,2866,0.7,0.2,10,120,12.270399570465088,0.46242308616638184,12.73282265663147,29.963626861572266,50,0.1544885177453027,0.1289198606271777,0.14055080721747387,0.8473999999999999,0.319866474597185,74
1,348,2866,0.7,0.2,20,40,8.883447647094727,0.459824800491333,9.34327244758606,22.087634086608887,50,0.14736842105263157,0.12195121951219512,0.13346043851286937,0.8467,0.3448686605955514,70
1,348,2866,0.7,0.2,20,80,16.067293405532837,0.4671289920806885,16.534422397613525,39.114203453063965,50,0.13924050632911392,0.11498257839721254,0.12595419847328243,0.8644,0.3249790208664448,66
1,348,2866,0.7,0.2,20,120,23.019181489944458,0.4698162078857422,23.4889976978302,54.422057151794434,50,0.15368421052631578,0.12717770034843207,0.13918017159199236,0.87,0.3334122040546016,73
1,348,2866,0.7,0.2,40,40,15.766243696212769,0.46167659759521484,16.227920293807983,38.73902130126953,50,0.13924050632911392,0.11498257839721254,0.12595419847328243,0.8445,0.3323145063300292,66
1,348,2866,0.7,0.2,40,80,29.956961154937744,0.4774658679962158,30.43442702293396,72.71647548675537,50,0.15546218487394958,0.1289198606271777,0.14095238095238094,0.8598,0.32472276347407647,74
1,348,2866,0.7,0.2,40,120,44.69194316864014,0.4897797107696533,45.18172287940979,103.34232234954834,50,0.15578947368421053,0.1289198606271777,0.14108674928503337,0.8645,0.3124783800878785,74
1,348,2866,0.7,0.5,5,40,3.543898344039917,0.4782431125640869,4.022141456604004,9.588959693908691,50,0.1368421052631579,0.1132404181184669,0.12392755004766445,0.869,0.33184689967941194,65
1,348,2866,0.7,0.5,5,80,5.311774730682373,0.48597002029418945,5.7977447509765625,13.893799781799316,50,0.1524008350730689,0.12717770034843207,0.13865147198480532,0.8633,0.33061983737776635,73
1,348,2866,0.7,0.5,5,120,7.156613111495972,0.48066210746765137,7.637275218963623,17.72221088409424,50,0.15932914046121593,0.13240418118466898,0.1446241674595623,0.8651,0.34976339458342254,76
1,348,2866,0.7,0.5,10,40,5.354981184005737,0.5146608352661133,5.869642019271851,13.811967849731445,50,0.13052631578947368,0.10801393728222997,0.11820781696854148,0.8397,0.3181008026106066,62
1,348,2866,0.7,0.5,10,80,8.805437326431274,0.46664905548095703,9.272086381912231,22.30368709564209,50,0.14644351464435146,0.12195121951219512,0.13307984790874525,0.8621,0.3265995993304729,70
1,348,2866,0.7,0.5,10,120,12.488284826278687,0.47154903411865234,12.959833860397339,29.953490257263184,50,0.15711252653927812,0.1289198606271777,0.14162679425837318,0.8535,0.34087341854403225,74
1,348,2866,0.7,0.5,20,40,8.752902507781982,0.4622471332550049,9.215149641036987,22.133028030395508,50,0.1509433962264151,0.1254355400696864,0.13701236917221693,0.8504,0.36958863970527256,72
1,348,2866,0.7,0.5,20,80,15.863723516464233,0.4643988609313965,16.32812237739563,39.10138416290283,50,0.1625,0.13588850174216027,0.14800759013282733,0.856,0.3456631223043242,78
1,348,2866,0.7,0.5,20,120,23.13774847984314,0.5002357959747314,23.63798427581787,54.40445041656494,50,0.14553014553014554,0.12195121951219512,0.13270142180094788,0.849,0.36635002322858107,70
1,348,2866,0.7,0.5,40,40,15.578017234802246,0.46172547340393066,16.039742708206177,38.72682857513428,50,0.15271966527196654,0.12717770034843207,0.1387832699619772,0.8463,0.3551665784685086,73
1,348,2866,0.7,0.5,40,80,29.83700203895569,0.4633674621582031,30.30036950111389,72.69566345214844,50,0.15368421052631578,0.12717770034843207,0.13918017159199236,0.8511,0.34145226903892867,73
1,348,2866,0.7,0.5,40,120,44.16852903366089,0.4657459259033203,44.63427495956421,103.31096935272217,50,0.15723270440251572,0.13066202090592335,0.142721217887726,0.8431000000000001,0.3131833538339578,75
1,348,2866,0.7,0.7,5,40,3.462742567062378,0.5135629177093506,3.9763054847717285,9.584540367126465,50,0.1419624217118998,0.11846689895470383,0.1291547958214625,0.8653000000000001,0.33299822925803313,68
1,348,2866,0.7,0.7,5,80,5.191222429275513,0.48447251319885254,5.675694942474365,13.892311096191406,50,0.1288981288981289,0.10801393728222997,0.11753554502369669,0.8605,0.34492448007341464,62
1,348,2866,0.7,0.7,5,120,7.0205652713775635,0.4788072109222412,7.499372482299805,17.72029972076416,50,0.13894736842105262,0.11498257839721254,0.12583412774070543,0.85,0.33177046185042924,66
1,348,2866,0.7,0.7,10,40,5.252347469329834,0.46256089210510254,5.7149083614349365,13.811100959777832,50,0.14556962025316456,0.12020905923344948,0.1316793893129771,0.8382000000000001,0.3510357653452651,69
1,348,2866,0.7,0.7,10,80,8.879170656204224,0.48220372200012207,9.361374378204346,22.299468994140625,50,0.16033755274261605,0.13240418118466898,0.1450381679389313,0.8540000000000001,0.3117131105579667,76
1,348,2866,0.7,0.7,10,120,12.205317497253418,0.46402883529663086,12.669346332550049,29.948826789855957,50,0.1518987341772152,0.1254355400696864,0.13740458015267176,0.8478000000000001,0.3489814693764711,72
1,348,2866,0.7,0.7,20,40,8.642389297485352,0.48890042304992676,9.131289720535278,22.12852191925049,50,0.13513513513513514,0.1132404181184669,0.12322274881516587,0.8479,0.30743805032602817,65
1,348,2866,0.7,0.7,20,80,15.796392917633057,0.46698427200317383,16.26337718963623,39.09386730194092,50,0.1574468085106383,0.1289198606271777,0.1417624521072797,0.8475999999999999,0.34598255074336126,74
1,348,2866,0.7,0.7,20,120,22.75624108314514,0.4808623790740967,23.23710346221924,54.396087646484375,50,0.15010570824524314,0.12369337979094076,0.1356255969436485,0.8357,0.3747752459569687,71
1,348,2866,0.7,0.7,40,40,15.616175651550293,0.5136415958404541,16.129817247390747,38.72446823120117,50,0.14012738853503184,0.11498257839721254,0.12631578947368421,0.8283999999999999,0.3074724559097018,66
1,348,2866,0.7,0.7,40,80,29.81497073173523,0.5118637084960938,30.326834440231323,72.68786811828613,50,0.1540084388185654,0.12717770034843207,0.13931297709923665,0.8438,0.3441362570912203,73
1,348,2866,0.7,0.7,40,120,44.6497220993042,0.4730963706970215,45.12281847000122,103.2961015701294,50,0.15271966527196654,0.12717770034843207,0.1387832699619772,0.8465,0.3296237129586275,73
1,348,2866,0.7,1.0,5,40,3.5227086544036865,0.46729421615600586,3.9900028705596924,9.58139705657959,50,0.14432989690721648,0.12195121951219512,0.13220018885741264,0.8521,0.28129467362050714,70
1,348,2866,0.7,1.0,5,80,5.344972372055054,0.4759178161621094,5.820890188217163,13.884214401245117,50,0.13598326359832635,0.1132404181184669,0.123574144486692,0.8563000000000001,0.33639562798074585,65
1,348,2866,0.7,1.0,5,120,7.1061646938323975,0.47786927223205566,7.584033966064453,17.711369514465332,50,0.14791666666666667,0.12369337979094076,0.13472485768500947,0.8360999999999998,0.3350425237435042,71
1,348,2866,0.7,1.0,10,40,5.316556215286255,0.4710099697113037,5.787566184997559,13.803863525390625,50,0.14255765199161424,0.11846689895470383,0.12940057088487156,0.8419,0.32420001738068965,68
1,348,2866,0.7,1.0,10,80,8.869831562042236,0.4686715602874756,9.338503122329712,22.29538345336914,50,0.15498938428874734,0.12717770034843207,0.13971291866028707,0.8548,0.3503611207706717,73
1,348,2866,0.7,1.0,10,120,12.25289797782898,0.4807710647583008,12.73366904258728,29.93609046936035,50,0.14915966386554622,0.12369337979094076,0.1352380952380952,0.8514,0.32968136065113574,71
1,348,2866,0.7,1.0,20,40,8.810563564300537,0.46536684036254883,9.275930404663086,22.12197208404541,50,0.13569937369519833,0.1132404181184669,0.1234567901234568,0.8358,0.3360367170204898,65
1,348,2866,0.7,1.0,20,80,15.651337146759033,0.46977663040161133,16.121113777160645,39.089274406433105,50,0.16772823779193205,0.13763066202090593,0.15119617224880383,0.8538999999999999,0.36238453162199225,79
1,348,2866,0.7,1.0,20,120,22.886284589767456,0.45662903785705566,23.34291362762451,54.38882255554199,50,0.14377682403433475,0.11672473867595819,0.12884615384615386,0.8496,0.32074030622349947,67
1,348,2866,0.7,1.0,40,40,15.501150846481323,0.5074071884155273,16.00855803489685,38.714341163635254,50,0.14285714285714285,0.11846689895470383,0.12952380952380954,0.8305,0.35263392764513224,68
1,348,2866,0.7,1.0,40,80,29.702808618545532,0.46223902702331543,30.165047645568848,72.6752061843872,50,0.14675052410901468,0.12195121951219512,0.13320647002854424,0.8368,0.33075475432923246,70
1,348,2866,0.7,1.0,40,120,44.223859548568726,0.47417593002319336,44.69803547859192,103.22854709625244,50,0.16176470588235295,0.13414634146341464,0.1466666666666667,0.8396,0.3457453173514436,77
1,348,2866,0.7,1.5,5,40,3.4965147972106934,0.4571959972381592,3.9537107944488525,9.579373359680176,50,0.14135021097046413,0.11672473867595819,0.12786259541984732,0.8499000000000001,0.313381879397527,67
1,348,2866,0.7,1.5,5,80,5.3164756298065186,0.4643726348876953,5.780848264694214,13.878503799438477,50,0.13598326359832635,0.1132404181184669,0.123574144486692,0.84,0.36156826872163,65
1,348,2866,0.7,1.5,5,120,7.101954460144043,0.46447157859802246,7.566426038742065,17.70844841003418,50,0.14465408805031446,0.12020905923344948,0.1313035204567079,0.8591000000000001,0.3279765677314696,69
1,348,2866,0.7,1.5,10,40,5.235441446304321,0.46994900703430176,5.705390453338623,13.798599243164062,50,0.15254237288135594,0.1254355400696864,0.13766730401529637,0.8368,0.2837369056897323,72
1,348,2866,0.7,1.5,10,80,8.745376586914062,0.4958374500274658,9.241214036941528,22.285871505737305,50,0.14767932489451477,0.12195121951219512,0.133587786259542,0.8528,0.34094286872998364,70
1,348,2866,0.7,1.5,10,120,12.189843893051147,0.459550142288208,12.649394035339355,29.930105209350586,50,0.14736842105263157,0.12195121951219512,0.13346043851286937,0.8541,0.3294534264232466,70
1,348,2866,0.7,1.5,20,40,8.741949558258057,0.49602460861206055,9.237974166870117,22.115464210510254,50,0.13807531380753138,0.11498257839721254,0.12547528517110262,0.8196,0.3598100641364398,66
1,348,2866,0.7,1.5,20,80,15.620026111602783,0.4736652374267578,16.09369134902954,39.076332092285156,50,0.14135021097046413,0.11672473867595819,0.12786259541984732,0.8379,0.31762133244739194,67
1,348,2866,0.7,1.5,20,120,22.56443500518799,0.4729912281036377,23.037426233291626,54.37644863128662,50,0.1543340380549683,0.12717770034843207,0.13944603629417382,0.8557,0.32746250551988465,73
1,348,2866,0.7,1.5,40,40,15.577359437942505,0.46764445304870605,16.04500389099121,38.65354347229004,50,0.13983050847457626,0.11498257839721254,0.12619502868068833,0.8235,0.32436630892174406,66
1,348,2866,0.7,1.5,40,80,29.768009662628174,0.4619119167327881,30.229921579360962,72.66342163085938,50,0.162839248434238,0.13588850174216027,0.1481481481481481,0.8465999999999999,0.3661362586742093,78
1,348,2866,0.7,1.5,40,120,43.713112115859985,0.5091047286987305,44.222216844558716,103.2642183303833,50,0.15546218487394958,0.1289198606271777,0.14095238095238094,0.8307,0.32679188499555356,74
1,348,2866,0.7,2.0,5,40,3.4795632362365723,0.47365832328796387,3.953221559524536,9.577192306518555,50,0.1316348195329087,0.10801393728222997,0.11866028708133972,0.852,0.3346532395225206,62
1,348,2866,0.7,2.0,5,80,5.305957317352295,0.49024271965026855,5.7962000370025635,13.87547492980957,50,0.13263157894736843,0.10975609756097561,0.12011439466158247,0.8548,0.314698656543774,63
1,348,2866,0.7,2.0,5,120,7.053689241409302,0.4569697380065918,7.5106589794158936,17.70215129852295,50,0.15932914046121593,0.13240418118466898,0.1446241674595623,0.8258,0.35305706850641483,76
1,348,2866,0.7,2.0,10,40,5.259558439254761,0.47104644775390625,5.730604887008667,13.79333209991455,50,0.15286624203821655,0.1254355400696864,0.13779904306220095,0.8271999999999998,0.31394078093929007,72
1,348,2866,0.7,2.0,10,80,8.829880952835083,0.46068334579467773,9.29056429862976,22.2860050201416,50,0.14105263157894737,0.11672473867595819,0.12774070543374644,0.8212,0.30296159099887493,67
1,348,2866,0.7,2.0,10,120,12.177770376205444,0.511540412902832,12.689310789108276,29.92703342437744,50,0.15336134453781514,0.12717770034843207,0.13904761904761906,0.8493,0.343774582495103,73
1,348,2866,0.7,2.0,20,40,8.78995966911316,0.4620485305786133,9.252008199691772,22.113492965698242,50,0.1488469601677149,0.12369337979094076,0.1351094196003806,0.8153,0.34469134623546377,71
1,348,2866,0.7,2.0,20,80,15.745939254760742,0.4718029499053955,16.217742204666138,39.07383728027344,50,0.14915966386554622,0.12369337979094076,0.1352380952380952,0.8476000000000001,0.3521302539774929,71
1,348,2866,0.7,2.0,20,120,22.791552543640137,0.48442912101745605,23.275981664657593,54.367825508117676,50,0.1761006289308176,0.14634146341463414,0.15984776403425308,0.8434000000000001,0.34611740509172056,84
1,348,2866,0.7,2.0,40,40,15.451112747192383,0.46284914016723633,15.91396188735962,38.70051574707031,50,0.14225053078556263,0.11672473867595819,0.12822966507177033,0.8047000000000001,0.32997180993609565,67
1,348,2866,0.7,2.0,40,80,29.684135675430298,0.45851707458496094,30.14265275001526,72.65540409088135,50,0.15368421052631578,0.12717770034843207,0.13918017159199236,0.8228,0.3324623829655681,73
1,348,2866,0.7,2.0,40,120,44.17084360122681,0.46531033515930176,44.63615393638611,103.25157451629639,50,0.1522198731501057,0.1254355400696864,0.13753581661891118,0.8396,0.3566248129345782,72
1,348,2866,1.0,0.2,5,40,3.539128065109253,0.4647998809814453,4.003927946090698,9.59177303314209,50,0.14107883817427386,0.11846689895470383,0.1287878787878788,0.8683,0.30919815860228395,68
1,348,2866,1.0,0.2,5,80,5.363579511642456,0.4788343906402588,5.842413902282715,13.900609016418457,50,0.14791666666666667,0.12369337979094076,0.13472485768500947,0.8469000000000001,0.3033954415099373,71
1,348,2866,1.0,0.2,5,120,7.215262174606323,0.4588038921356201,7.674066066741943,17.72913646697998,50,0.15031315240083507,0.1254355400696864,0.13675213675213674,0.8537,0.31571489580680756,72
1,348,2866,1.0,0.2,10,40,5.273480415344238,0.45984768867492676,5.733328104019165,13.820788383483887,50,0.13513513513513514,0.1132404181184669,0.12322274881516587,0.853,0.3468290119077934,65
1,348,2866,1.0,0.2,10,80,8.887435674667358,0.478435754776001,9.36587142944336,22.313255310058594,50,0.15208333333333332,0.12717770034843207,0.13851992409867175,0.8337000000000001,0.35829728111511794,73
1,348,2866,1.0,0.2,10,120,12.28507661819458,0.5201339721679688,12.805210590362549,29.96367835998535,50,0.1530398322851153,0.12717770034843207,0.13891531874405327,0.8621,0.3342097334514614,73
1,348,2866,1.0,0.2,20,40,8.797667980194092,0.48485469818115234,9.282522678375244,22.142263412475586,50,0.15113871635610765,0.12717770034843207,0.1381267738883633,0.8472999999999999,0.3047703487960841,73
1,348,2866,1.0,0.2,20,80,16.113229036331177,0.47952699661254883,16.592756032943726,39.113579750061035,50,0.1375,0.11498257839721254,0.1252371916508539,0.8495,0.34678693676472105,66
1,348,2866,1.0,0.2,20,120,22.862208127975464,0.47647738456726074,23.338685512542725,54.42350101470947,50,0.13894736842105262,0.11498257839721254,0.12583412774070543,0.8575999999999999,0.31327473650445026,66
1,348,2866,1.0,0.2,40,40,15.919743061065674,0.4810068607330322,16.400749921798706,38.68552780151367,50,0.15513626834381553,0.1289198606271777,0.14081826831588964,0.8447000000000001,0.3363504276394902,74
1,348,2866,1.0,0.2,40,80,30.104684829711914,0.48628926277160645,30.59097409248352,72.71944999694824,50,0.15010570824524314,0.12369337979094076,0.1356255969436485,0.8454,0.3118300578621804,71
1,348,2866,1.0,0.2,40,120,44.916253089904785,0.4776747226715088,45.393927812576294,103.34231472015381,50,0.15481171548117154,0.1289198606271777,0.14068441064638784,0.8465,0.3302568315357977,74
1,348,2866,1.0,0.5,5,40,3.569575786590576,0.4690370559692383,4.0386128425598145,9.586991310119629,50,0.14163090128755365,0.11498257839721254,0.12692307692307692,0.8899,0.3579592547572843,66
1,348,2866,1.0,0.5,5,80,5.30467414855957,0.47615551948547363,5.780829668045044,13.896384239196777,50,0.1416490486257928,0.11672473867595819,0.12798471824259788,0.8625,0.3877559378729846,67
1,348,2866,1.0,0.5,5,120,7.201042652130127,0.4751877784729004,7.676230430603027,17.723058700561523,50,0.14498933901918976,0.11846689895470383,0.13039309683604985,0.8398000000000001,0.3175369688442337,68
1,348,2866,1.0,0.5,10,40,5.303510904312134,0.4721965789794922,5.775707483291626,13.811357498168945,50,0.13771186440677965,0.1132404181184669,0.124282982791587,0.8275,0.340003751921644,65
1,348,2866,1.0,0.5,10,80,8.829914093017578,0.46242666244506836,9.292340755462646,22.304588317871094,50,0.1419624217118998,0.11846689895470383,0.1291547958214625,0.8545999999999999,0.3729363103653165,68
1,348,2866,1.0,0.5,10,120,12.325823068618774,0.4656047821044922,12.791427850723267,29.952486038208008,50,0.15822784810126583,0.13066202090592335,0.14312977099236643,0.8567999999999999,0.34216286788284334,75
1,348,2866,1.0,0.5,20,40,8.654886245727539,0.46891164779663086,9.12379789352417,22.078190803527832,50,0.1440501043841336,0.12020905923344948,0.13105413105413105,0.8414,0.3246113205790625,69
1,348,2866,1.0,0.5,20,80,15.862473487854004,0.46277761459350586,16.32525110244751,39.10149955749512,50,0.15657620041753653,0.13066202090592335,0.14245014245014245,0.8396,0.34812788104509473,75
1,348,2866,1.0,0.5,20,120,22.997793197631836,0.4573793411254883,23.455172538757324,54.404343605041504,50,0.14947368421052631,0.12369337979094076,0.1353670162059104,0.8569,0.32646131962071245,71
1,348,2866,1.0,0.5,40,40,15.8200204372406,0.4700582027435303,16.29007863998413,38.72898006439209,50,0.14495798319327732,0.12020905923344948,0.13142857142857145,0.8428000000000001,0.30810821689379564,69
1,348,2866,1.0,0.5,40,80,29.921080112457275,0.4624767303466797,30.383556842803955,72.698486328125,50,0.15271966527196654,0.12717770034843207,0.1387832699619772,0.8542,0.33493874512985383,73
1,348,2866,1.0,0.5,40,120,44.12091636657715,0.490389347076416,44.611305713653564,103.3129997253418,50,0.15546218487394958,0.1289198606271777,0.14095238095238094,0.8389,0.3608720926817697,74
1,348,2866,1.0,0.7,5,40,3.4618916511535645,0.47045445442199707,3.9323461055755615,9.588987350463867,50,0.14105263157894737,0.11672473867595819,0.12774070543374644,0.8930999999999999,0.3146714252479892,67
1,348,2866,1.0,0.7,5,80,5.303828239440918,0.47625041007995605,5.780078649520874,13.889742851257324,50,0.15734989648033126,0.13240418118466898,0.14380321665089876,0.8583,0.3523784549662159,76
1,348,2866,1.0,0.7,5,120,7.066817998886108,0.4901406764984131,7.5569586753845215,17.717910766601562,50,0.15546218487394958,0.1289198606271777,0.14095238095238094,0.8512000000000001,0.32810616828462674,74
1,348,2866,1.0,0.7,10,40,5.428040266036987,0.4913747310638428,5.91941499710083,13.808247566223145,50,0.13530655391120508,0.11149825783972125,0.12225405921680994,0.8382000000000001,0.35301211393648363,64
1,348,2866,1.0,0.7,10,80,8.796815872192383,0.462069034576416,9.258884906768799,22.30189037322998,50,0.1464968152866242,0.12020905923344948,0.1320574162679426,0.8667,0.34097435797388365,69
1,348,2866,1.0,0.7,10,120,12.21007251739502,0.48319244384765625,12.693264961242676,29.946707725524902,50,0.14255765199161424,0.11846689895470383,0.12940057088487156,0.8499999999999999,0.34760328460886275,68
1,348,2866,1.0,0.7,20,40,8.804139852523804,0.463947057723999,9.268086910247803,22.128825187683105,50,0.14345991561181434,0.11846689895470383,0.1297709923664122,0.8266000000000001,0.34182058925973735,68
1,348,2866,1.0,0.7,20,80,15.712422847747803,0.46918249130249023,16.181605339050293,39.09422588348389,50,0.15336134453781514,0.12717770034843207,0.13904761904761906,0.8399,0.3489257172946293,73
1,348,2866,1.0,0.7,20,120,22.614482164382935,0.5121848583221436,23.126667022705078,54.395461082458496,50,0.15176715176715178,0.12717770034843207,0.13838862559241707,0.8485,0.3597453903359976,73
1,348,2866,1.0,0.7,40,40,15.53730320930481,0.5297307968139648,16.067034006118774,38.72041893005371,50,0.15208333333333332,0.12717770034843207,0.13851992409867175,0.8432,0.375511379804447,73
1,348,2866,1.0,0.7,40,80,29.932061910629272,0.52447509765625,30.456537008285522,72.68898010253906,50,0.16108786610878661,0.13414634146341464,0.14638783269961977,0.8419,0.3611040792579658,77
1,348,2866,1.0,0.7,40,120,44.38090395927429,0.4890906810760498,44.86999464035034,103.29885005950928,50,0.16041666666666668,0.13414634146341464,0.14611005692599624,0.8429,0.33363514755649737,77
1,348,2866,1.0,1.0,5,40,2.4544084072113037,0.46672892570495605,2.9211373329162598,9.581958770751953,50,0.13389121338912133,0.11149825783972125,0.12167300380228137,0.8625000000000002,0.3117856303015033,64
1,348,2866,1.0,1.0,5,80,4.304121494293213,0.47596096992492676,4.78008246421814,13.882923126220703,50,0.14553014553014554,0.12195121951219512,0.13270142180094788,0.8226,0.32315860478639385,70
1,348,2866,1.0,1.0,5,120,6.087236166000366,0.45462632179260254,6.541862487792969,17.71335220336914,50,0.13655462184873948,0.1132404181184669,0.1238095238095238,0.8413999999999999,0.37488298237364537,65
1,348,2866,1.0,1.0,10,40,4.268179178237915,0.45990777015686035,4.728086948394775,13.804878234863281,50,0.1323529411764706,0.10975609756097561,0.12,0.847,0.327177583695816,63
1,348,2866,1.0,1.0,10,80,7.828840017318726,0.4510231018066406,8.279863119125366,22.2957763671875,50,0.15975103734439833,0.13414634146341464,0.14583333333333334,0.8553000000000001,0.3547228856711615,77
1,348,2866,1.0,1.0,10,120,11.174804210662842,0.4631032943725586,11.6379075050354,29.94039249420166,50,0.1530398322851153,0.12717770034843207,0.13891531874405327,0.8552999999999998,0.3273091305651048,73
1,348,2866,1.0,1.0,20,40,7.645393133163452,0.4830286502838135,8.128421783447266,22.121315956115723,50,0.1375,0.11498257839721254,0.1252371916508539,0.8629,0.3347644893535416,66
1,348,2866,1.0,1.0,20,80,14.63842511177063,0.4524810314178467,15.090906143188477,39.08931636810303,50,0.1530398322851153,0.12717770034843207,0.13891531874405327,0.8454,0.31298742343684505,73
1,348,2866,1.0,1.0,20,120,21.870275020599365,0.45978546142578125,22.330060482025146,54.38316249847412,50,0.15822784810126583,0.13066202090592335,0.14312977099236643,0.8388,0.3412976308368465,75
1,348,2866,1.0,1.0,40,40,14.445451974868774,0.47596311569213867,14.921415090560913,38.71310043334961,50,0.14345991561181434,0.11846689895470383,0.1297709923664122,0.8518,0.363305276656117,68
1,348,2866,1.0,1.0,40,80,28.471715688705444,0.4878065586090088,28.959522247314453,72.67713928222656,50,0.14861995753715498,0.12195121951219512,0.1339712918660287,0.8340000000000001,0.3151362442989577,70
1,348,2866,1.0,1.0,40,120,43.312084913253784,0.45943331718444824,43.77151823043823,103.28015995025635,50,0.14947368421052631,0.12369337979094076,0.1353670162059104,0.8318000000000002,0.3336738853247392,71
1,348,2866,1.0,1.5,5,40,3.4345016479492188,0.4855482578277588,3.9200499057769775,9.577470779418945,50,0.13097713097713098,0.10975609756097561,0.11943127962085308,0.8607,0.3402624079935005,63
1,348,2866,1.0,1.5,5,80,5.2930731773376465,0.4541049003601074,5.747178077697754,13.877652168273926,50,0.13107822410147993,0.10801393728222997,0.11843361986628463,0.8693000000000001,0.2888485320053948,62
1,348,2866,1.0,1.5,5,120,6.951624393463135,0.45728325843811035,7.408907651901245,17.707377433776855,50,0.14495798319327732,0.12020905923344948,0.13142857142857145,0.8379000000000001,0.32147217440250786,69
1,348,2866,1.0,1.5,10,40,5.261658668518066,0.45149898529052734,5.713157653808594,13.798550605773926,50,0.12552301255230125,0.10452961672473868,0.11406844106463877,0.8481000000000001,0.35394057011755947,60
1,348,2866,1.0,1.5,10,80,8.807867288589478,0.46065735816955566,9.268524646759033,22.289803504943848,50,0.15384615384615385,0.1289198606271777,0.14028436018957346,0.8649,0.3492511187976875,74
1,348,2866,1.0,1.5,10,120,12.190960884094238,0.46222853660583496,12.653189420700073,29.929731369018555,50,0.15856236786469344,0.13066202090592335,0.14326647564469913,0.8591,0.3716602411573949,75
1,348,2866,1.0,1.5,20,40,8.660779237747192,0.46349477767944336,9.124274015426636,22.117671966552734,50,0.14526315789473684,0.12020905923344948,0.13155386081982842,0.8405,0.3760196098641477,69
1,348,2866,1.0,1.5,20,80,15.633454322814941,0.4531235694885254,16.086577892303467,39.078683853149414,50,0.15126050420168066,0.1254355400696864,0.13714285714285715,0.8344,0.3407524922426883,72
1,348,2866,1.0,1.5,20,120,22.601444005966187,0.4639396667480469,23.065383672714233,54.377546310424805,50,0.14135021097046413,0.11672473867595819,0.12786259541984732,0.8516999999999999,0.36672588488547625,67
1,348,2866,1.0,1.5,40,40,15.536587953567505,0.4661526679992676,16.002740621566772,38.70197677612305,50,0.13900414937759337,0.11672473867595819,0.1268939393939394,0.8251000000000001,0.3562184422590585,67
1,348,2866,1.0,1.5,40,80,29.456490755081177,0.46856188774108887,29.925052642822266,72.66206359863281,50,0.14587737843551796,0.12020905923344948,0.1318051575931232,0.8212999999999999,0.3353610831755315,69
1,348,2866,1.0,1.5,40,120,43.55423092842102,0.45685577392578125,44.0110867023468,103.26339340209961,50,0.14767932489451477,0.12195121951219512,0.133587786259542,0.8349,0.3589769701371008,70
1,348,2866,1.0,2.0,5,40,3.531005382537842,0.4508857727050781,3.98189115524292,9.574095726013184,50,0.13278008298755187,0.11149825783972125,0.1212121212121212,0.8478,0.3873980991573584,64
1,348,2866,1.0,2.0,5,80,5.301562309265137,0.4622344970703125,5.763796806335449,13.876222610473633,50,0.13219616204690832,0.10801393728222997,0.11888782358581015,0.8237,0.33570420069804296,62
1,348,2866,1.0,2.0,5,120,7.186294794082642,0.5039427280426025,7.690237522125244,17.702207565307617,50,0.14495798319327732,0.12020905923344948,0.13142857142857145,0.8499,0.3237499646323176,69
1,348,2866,1.0,2.0,10,40,5.243085145950317,0.46415066719055176,5.707235813140869,13.79331111907959,50,0.13807531380753138,0.11498257839721254,0.12547528517110262,0.8258,0.33094757654143914,66
1,348,2866,1.0,2.0,10,80,9.035161256790161,0.46071791648864746,9.495879173278809,22.281978607177734,50,0.14822546972860126,0.12369337979094076,0.13485280151946819,0.8472,0.3204028379028379,71
1,348,2866,1.0,2.0,10,120,12.509673357009888,0.45453500747680664,12.964208364486694,29.925400733947754,50,0.1513859275053305,0.12369337979094076,0.1361457334611697,0.862,0.2956666903211811,71
1,348,2866,1.0,2.0,20,40,8.858109474182129,0.4600534439086914,9.31816291809082,22.111964225769043,50,0.15157894736842106,0.1254355400696864,0.13727359389895138,0.8463999999999999,0.3578235174250823,72
1,348,2866,1.0,2.0,20,80,15.790902137756348,0.47559309005737305,16.26649522781372,39.06844234466553,50,0.1504237288135593,0.12369337979094076,0.13575525812619502,0.8449,0.31150761093578844,71
1,348,2866,1.0,2.0,20,120,22.848405838012695,0.4595448970794678,23.307950735092163,54.36790084838867,50,0.1509433962264151,0.1254355400696864,0.13701236917221693,0.8528,0.3642502060307849,72
1,348,2866,1.0,2.0,40,40,15.776611328125,0.4581465721130371,16.234757900238037,38.69870567321777,50,0.15756302521008403,0.13066202090592335,0.14285714285714285,0.8404,0.29884128872508603,75
1,348,2866,1.0,2.0,40,80,30.000596046447754,0.4547135829925537,30.455309629440308,72.65237522125244,50,0.1416490486257928,0.11672473867595819,0.12798471824259788,0.8325,0.34175046124336184,67
1,348,2866,1.0,2.0,40,120,44.28024077415466,0.4513998031616211,44.731640577316284,103.25004005432129,50,0.15789473684210525,0.13066202090592335,0.14299332697807438,0.8489,0.3436566007960694,75
1,348,2866,1.5,0.2,5,40,3.5881004333496094,0.45418357849121094,4.04228401184082,9.593280792236328,50,0.14137214137214138,0.11846689895470383,0.12890995260663507,0.8743000000000001,0.3722867597056238,68
1,348,2866,1.5,0.2,5,80,5.378738164901733,0.46088123321533203,5.839619398117065,13.9014892578125,50,0.13530655391120508,0.11149825783972125,0.12225405921680994,0.865,0.3429469372485246,64
1,348,2866,1.5,0.2,5,120,7.2846081256866455,0.45759153366088867,7.742199659347534,17.72891902923584,50,0.16041666666666668,0.13414634146341464,0.14611005692599624,0.8429,0.35075331203800775,77
1,348,2866,1.5,0.2,10,40,5.3754494190216064,0.4607367515563965,5.836186170578003,13.81809139251709,50,0.1322314049586777,0.11149825783972125,0.12098298676748581,0.8508,0.35472840819829615,64
1,348,2866,1.5,0.2,10,80,9.035867929458618,0.4745314121246338,9.510399341583252,22.31428050994873,50,0.14915966386554622,0.12369337979094076,0.1352380952380952,0.8502000000000001,0.3218194472314829,71
1,348,2866,1.5,0.2,10,120,12.647289514541626,0.4672985076904297,13.114588022232056,29.962666511535645,50,0.14613778705636743,0.12195121951219512,0.1329534662867996,0.8588999999999999,0.3158351787684771,70
1,348,2866,1.5,0.2,20,40,8.876091003417969,0.4820840358734131,9.358175039291382,22.143202781677246,50,0.14613778705636743,0.12195121951219512,0.1329534662867996,0.8593,0.3199521141790049,70
1,348,2866,1.5,0.2,20,80,15.912059783935547,0.49040651321411133,16.402466297149658,39.11545753479004,50,0.16033755274261605,0.13240418118466898,0.1450381679389313,0.8528,0.3627356970250221,76
1,348,2866,1.5,0.2,20,120,23.310019493103027,0.49500465393066406,23.80502414703369,54.423264503479004,50,0.1422680412371134,0.12020905923344948,0.13031161473087818,0.8545,0.3621771225325147,69
1,348,2866,1.5,0.2,40,40,15.692506074905396,0.45351433753967285,16.14602041244507,38.74008083343506,50,0.14465408805031446,0.12020905923344948,0.1313035204567079,0.8393,0.3059025304484778,69
1,348,2866,1.5,0.2,40,80,30.16537094116211,0.46678781509399414,30.632158756256104,72.72129249572754,50,0.1509433962264151,0.1254355400696864,0.13701236917221693,0.8604999999999999,0.3243344547550746,72
1,348,2866,1.5,0.2,40,120,45.16862344741821,0.4523439407348633,45.620967388153076,103.34324836730957,50,0.15271966527196654,0.12717770034843207,0.1387832699619772,0.8488,0.31845386418456273,73
1,348,2866,1.5,0.5,5,40,3.551044225692749,0.4673604965209961,4.018404722213745,9.586701393127441,50,0.14492753623188406,0.12195121951219512,0.13245033112582785,0.8721,0.34295718708358763,70
1,348,2866,1.5,0.5,5,80,5.360615015029907,0.4537653923034668,5.814380407333374,13.894058227539062,50,0.14906832298136646,0.1254355400696864,0.13623462630085145,0.8315000000000001,0.3302939466760964,72
1,348,2866,1.5,0.5,5,120,7.127466678619385,0.46993589401245117,7.597402572631836,17.722963333129883,50,0.15690376569037656,0.13066202090592335,0.14258555133079848,0.8608000000000001,0.35208778413511865,75
1,348,2866,1.5,0.5,10,40,5.272412061691284,0.4635038375854492,5.735915899276733,13.813274383544922,50,0.15481171548117154,0.1289198606271777,0.14068441064638784,0.8516999999999999,0.3104417290974172,74
1,348,2866,1.5,0.5,10,80,8.956337928771973,0.4775104522705078,9.43384838104248,22.30531120300293,50,0.14853556485355648,0.12369337979094076,0.13498098859315588,0.8402000000000001,0.33425920478671267,71
1,348,2866,1.5,0.5,10,120,12.579188346862793,0.4648733139038086,13.044061660766602,29.950759887695312,50,0.14915966386554622,0.12369337979094076,0.1352380952380952,0.8489,0.3326723467164644,71
1,348,2866,1.5,0.5,20,40,9.062498807907104,0.4580657482147217,9.520564556121826,22.134096145629883,50,0.1431578947368421,0.11846689895470383,0.12964728312678744,0.8467,0.32420917829497387,68
1,348,2866,1.5,0.5,20,80,15.83332371711731,0.4550313949584961,16.288355112075806,39.10125732421875,50,0.15611814345991562,0.1289198606271777,0.1412213740458015,0.8331999999999999,0.3504207206872648,74
1,348,2866,1.5,0.5,20,120,22.99187183380127,0.4624791145324707,23.45435094833374,54.403822898864746,50,0.14736842105263157,0.12195121951219512,0.13346043851286937,0.8524,0.35198512867548815,70
1,348,2866,1.5,0.5,40,40,15.77129054069519,0.49596357345581055,16.267254114151,38.67432689666748,50,0.14822546972860126,0.12369337979094076,0.13485280151946819,0.8304999999999999,0.3458783696559432,71
1,348,2866,1.5,0.5,40,80,30.15731978416443,0.47194695472717285,30.6292667388916,72.69972324371338,50,0.1488469601677149,0.12369337979094076,0.1351094196003806,0.8461000000000001,0.32111240912135464,71
1,348,2866,1.5,0.5,40,120,44.50615048408508,0.4544031620025635,44.96055364608765,103.3132495880127,50,0.15384615384615385,0.1289198606271777,0.14028436018957346,0.8398999999999999,0.3456066543593651,74
1,348,2866,1.5,0.7,5,40,3.514331340789795,0.4538116455078125,3.9681429862976074,9.585166931152344,50,0.15481171548117154,0.1289198606271777,0.14068441064638784,0.8599,0.30348195706198,74
1,348,2866,1.5,0.7,5,80,5.346398591995239,0.4516589641571045,5.798057556152344,13.89004898071289,50,0.14799154334038056,0.12195121951219512,0.13371537726838587,0.8482000000000001,0.31781384671597646,70
1,348,2866,1.5,0.7,5,120,7.095451354980469,0.4816172122955322,7.577068567276001,17.719748497009277,50,0.14137214137214138,0.11846689895470383,0.12890995260663507,0.8528,0.36738808452674,68
1,348,2866,1.5,0.7,10,40,5.282927989959717,0.450685977935791,5.733613967895508,13.808377265930176,50,0.14135021097046413,0.11672473867595819,0.12786259541984732,0.8622000000000002,0.3438604406409028,67
1,348,2866,1.5,0.7,10,80,8.86524748802185,0.4733901023864746,9.338637590408325,22.30068588256836,50,0.15,0.1254355400696864,0.13662239089184058,0.8414,0.32658218977826814,72
1,348,2866,1.5,0.7,10,120,12.214470148086548,0.45517802238464355,12.669648170471191,29.945096015930176,50,0.15625,0.13066202090592335,0.14231499051233396,0.8634999999999999,0.3518630163555321,75
1,348,2866,1.5,0.7,20,40,8.847866773605347,0.4528834819793701,9.300750255584717,22.128228187561035,50,0.1543340380549683,0.12717770034843207,0.13944603629417382,0.8233,0.32562868030591485,73
1,348,2866,1.5,0.7,20,80,15.900269746780396,0.45577383041381836,16.356043577194214,39.093770027160645,50,0.15822784810126583,0.13066202090592335,0.14312977099236643,0.8568,0.37700356095517373,75
1,348,2866,1.5,0.7,20,120,22.96443200111389,0.4550509452819824,23.419482946395874,54.3970365524292,50,0.16736401673640167,0.13937282229965156,0.1520912547528517,0.8483,0.3262613138307052,80
1,348,2866,1.5,0.7,40,40,15.896037340164185,0.45301032066345215,16.349047660827637,38.72048759460449,50,0.14495798319327732,0.12020905923344948,0.13142857142857145,0.8333999999999999,0.3391362902484226,69
1,348,2866,1.5,0.7,40,80,29.860772609710693,0.4535994529724121,30.314372062683105,72.6859483718872,50,0.14736842105263157,0.12195121951219512,0.13346043851286937,0.8315,0.3228075463139801,70
1,348,2866,1.5,0.7,40,120,44.412490367889404,0.46164560317993164,44.874135971069336,103.2994270324707,50,0.14526315789473684,0.12020905923344948,0.13155386081982842,0.8404,0.3598949242996862,69
1,348,2866,1.5,1.0,5,40,3.7117745876312256,0.4540283679962158,4.165802955627441,9.582246780395508,50,0.130879345603272,0.11149825783972125,0.12041392285983069,0.845,0.3204932200152788,64
1,348,2866,1.5,1.0,5,80,5.372362852096558,0.47670912742614746,5.849071979522705,13.886517524719238,50,0.13900414937759337,0.11672473867595819,0.1268939393939394,0.8662,0.2998859436451348,67
1,348,2866,1.5,1.0,5,120,7.184911251068115,0.4546661376953125,7.639577388763428,17.713869094848633,50,0.1496881496881497,0.1254355400696864,0.13649289099526069,0.8592000000000001,0.3418348648246091,72
1,348,2866,1.5,1.0,10,40,5.313375473022461,0.49230003356933594,5.805675506591797,13.801993370056152,50,0.1509433962264151,0.1254355400696864,0.13701236917221693,0.8575999999999999,0.31347310506694265,72
1,348,2866,1.5,1.0,10,80,8.931741714477539,0.4523913860321045,9.384133100509644,22.292065620422363,50,0.14376321353065538,0.11846689895470383,0.12989493791786055,0.8477000000000001,0.3213429957841722,68
1,348,2866,1.5,1.0,10,120,12.632444858551025,0.47243380546569824,13.104878664016724,29.938965797424316,50,0.15271966527196654,0.12717770034843207,0.1387832699619772,0.861,0.3613170522363393,73
1,348,2866,1.5,1.0,20,40,8.918884038925171,0.4556252956390381,9.374509334564209,22.120737075805664,50,0.14978902953586498,0.12369337979094076,0.13549618320610687,0.8321999999999998,0.3794197252413872,71
1,348,2866,1.5,1.0,20,80,15.812558889389038,0.45452189445495605,16.267080783843994,39.08662223815918,50,0.1544885177453027,0.1289198606271777,0.14055080721747387,0.8446,0.3327332472578474,74
1,348,2866,1.5,1.0,20,120,23.109155893325806,0.46948885917663574,23.57864475250244,54.38389778137207,50,0.16421052631578947,0.13588850174216027,0.1487130600571973,0.8593000000000001,0.33430223571996404,78
1,348,2866,1.5,1.0,40,40,15.733490467071533,0.4638965129852295,16.197386980056763,38.661622047424316,50,0.1483050847457627,0.12195121951219512,0.1338432122370937,0.8379,0.35474198178052135,70
1,348,2866,1.5,1.0,40,80,30.029255151748657,0.4580831527709961,30.487338304519653,72.67625045776367,50,0.1464968152866242,0.12020905923344948,0.1320574162679426,0.8354,0.3518015562198407,69
1,348,2866,1.5,1.0,40,120,44.015196800231934,0.5004711151123047,44.51566791534424,103.28317356109619,50,0.1543340380549683,0.12717770034843207,0.13944603629417382,0.8407,0.326968183819634,73
1,348,2866,1.5,1.5,5,40,3.4734065532684326,0.4656393527984619,3.9390459060668945,9.579099655151367,50,0.1416490486257928,0.11672473867595819,0.12798471824259788,0.8309000000000001,0.3111287988820669,67
1,348,2866,1.5,1.5,5,80,5.184777498245239,0.45179200172424316,5.636569499969482,13.880206108093262,50,0.15,0.1254355400696864,0.13662239089184058,0.8451,0.29934232857003634,72
1,348,2866,1.5,1.5,5,120,7.109615325927734,0.45834994316101074,7.567965269088745,17.709784507751465,50,0.1522198731501057,0.1254355400696864,0.13753581661891118,0.8573,0.3183584561770835,72
1,348,2866,1.5,1.5,10,40,5.2387919425964355,0.4685988426208496,5.707390785217285,13.798486709594727,50,0.14255765199161424,0.11846689895470383,0.12940057088487156,0.8323999999999999,0.3303623530220169,68
1,348,2866,1.5,1.5,10,80,8.787009477615356,0.45795154571533203,9.244961023330688,22.286972045898438,50,0.1524008350730689,0.12717770034843207,0.13865147198480532,0.8434999999999999,0.34235086556616784,73
1,348,2866,1.5,1.5,10,120,12.47440505027771,0.4878044128417969,12.962209463119507,29.93161392211914,50,0.15889830508474576,0.13066202090592335,0.14340344168260039,0.8445999999999999,0.33303404205747955,75
1,348,2866,1.5,1.5,20,40,8.78366994857788,0.4527289867401123,9.236398935317993,22.1159086227417,50,0.13987473903966596,0.11672473867595819,0.12725546058879392,0.8293999999999999,0.33888577130608427,67
1,348,2866,1.5,1.5,20,80,15.811321258544922,0.4864339828491211,16.297755241394043,39.07773494720459,50,0.15756302521008403,0.13066202090592335,0.14285714285714285,0.8307000000000001,0.32108478582048655,75
1,348,2866,1.5,1.5,20,120,22.710695505142212,0.48787784576416016,23.198573350906372,54.37711811065674,50,0.16352201257861634,0.13588850174216027,0.14843006660323502,0.8434999999999999,0.3670577967948735,78
1,348,2866,1.5,1.5,40,40,15.384474515914917,0.46179866790771484,15.846273183822632,38.70651435852051,50,0.15822784810126583,0.13066202090592335,0.14312977099236643,0.8406999999999999,0.35353657314995074,75
1,348,2866,1.5,1.5,40,80,29.82215452194214,0.46004223823547363,30.282196760177612,72.66205310821533,50,0.1488469601677149,0.12369337979094076,0.1351094196003806,0.8433,0.3099344054989216,71
1,348,2866,1.5,1.5,40,120,48.75913667678833,0.4550621509552002,49.21419882774353,103.2616605758667,50,0.14135021097046413,0.11672473867595819,0.12786259541984732,0.8441,0.33606829600527083,67
1,348,2866,1.5,2.0,5,40,3.528874635696411,0.4769878387451172,4.005862474441528,9.574069023132324,50,0.13513513513513514,0.1132404181184669,0.12322274881516587,0.8780000000000001,0.35695686954168127,65
1,348,2866,1.5,2.0,5,80,5.27942967414856,0.4680368900299072,5.747466564178467,13.874757766723633,50,0.1368421052631579,0.1132404181184669,0.12392755004766445,0.8426,0.30620859829154257,65
1,348,2866,1.5,2.0,5,120,7.047434091567993,0.45908021926879883,7.506514310836792,17.701773643493652,50,0.13432835820895522,0.10975609756097561,0.12080536912751678,0.8730999999999999,0.3142741819820928,63
1,348,2866,1.5,2.0,10,40,5.260796070098877,0.4637129306793213,5.724509000778198,13.794952392578125,50,0.12708333333333333,0.10627177700348432,0.11574952561669828,0.8322,0.3398862085760811,61
1,348,2866,1.5,2.0,10,80,8.833141565322876,0.45876121520996094,9.291902780532837,22.28006935119629,50,0.15074309978768577,0.12369337979094076,0.13588516746411483,0.8321,0.29467933342095126,71
1,348,2866,1.5,2.0,10,120,12.49084210395813,0.4599192142486572,12.950761318206787,29.926194190979004,50,0.14799154334038056,0.12195121951219512,0.13371537726838587,0.8472999999999999,0.3629005952549369,70
1,348,2866,1.5,2.0,20,40,8.685860633850098,0.5049214363098145,9.190782070159912,22.110485076904297,50,0.15126050420168066,0.1254355400696864,0.13714285714285715,0.842,0.3108144926266368,72
1,348,2866,1.5,2.0,20,80,15.671075344085693,0.45610737800598145,16.127182722091675,39.071974754333496,50,0.1530398322851153,0.12717770034843207,0.13891531874405327,0.838,0.359346276569791,73
1,348,2866,1.5,2.0,20,120,22.89100694656372,0.4534008502960205,23.34440779685974,54.36609649658203,50,0.15031315240083507,0.1254355400696864,0.13675213675213674,0.8423999999999999,0.31735948044907103,72
1,348,2866,1.5,2.0,40,40,15.475960493087769,0.4663703441619873,15.942330837249756,38.699092864990234,50,0.1419491525423729,0.11672473867595819,0.12810707456978968,0.847,0.3185841415419214,67
1,348,2866,1.5,2.0,40,80,29.69519352912903,0.4524374008178711,30.1476309299469,72.65244102478027,50,0.14556962025316456,0.12020905923344948,0.1316793893129771,0.8245000000000001,0.3315358501463978,69
1,348,2866,1.5,2.0,40,120,43.735034465789795,0.45950913429260254,44.1945436000824,103.24984645843506,50,0.14915966386554622,0.12369337979094076,0.1352380952380952,0.8420000000000002,0.3220066930867057,71
1,348,2866,2.0,0.2,5,40,3.553947687149048,0.45334839820861816,4.007296085357666,9.589986801147461,50,0.13457556935817805,0.1132404181184669,0.12298959318826869,0.8694,0.3531199377057221,65
1,348,2866,2.0,0.2,5,80,5.39600682258606,0.4813039302825928,5.877310752868652,13.901165008544922,50,0.15289256198347106,0.1289198606271777,0.13988657844990549,0.8669,0.3480649998676564,74
1,348,2866,2.0,0.2,5,120,7.243348598480225,0.45329880714416504,7.69664740562439,17.728873252868652,50,0.13655462184873948,0.1132404181184669,0.1238095238095238,0.8588999999999999,0.324780945700003,65
1,348,2866,2.0,0.2,10,40,5.378690719604492,0.4564223289489746,5.835113048553467,13.817723274230957,50,0.14495798319327732,0.12020905923344948,0.13142857142857145,0.8491,0.26897865059323395,69
1,348,2866,2.0,0.2,10,80,9.092190980911255,0.4608626365661621,9.553053617477417,22.314135551452637,50,0.14437367303609341,0.11846689895470383,0.13014354066985645,0.85,0.3649805002112304,68
1,348,2866,2.0,0.2,10,120,12.492787599563599,0.461484432220459,12.954272031784058,29.96329975128174,50,0.1419624217118998,0.11846689895470383,0.1291547958214625,0.8689,0.2967020089234782,68
1,348,2866,2.0,0.2,20,40,8.897238492965698,0.45797228813171387,9.355210781097412,22.14107608795166,50,0.1463917525773196,0.12369337979094076,0.13408876298394712,0.8571,0.3169128740511356,71
1,348,2866,2.0,0.2,20,80,16.04295563697815,0.45499396324157715,16.497949600219727,39.11497783660889,50,0.14760914760914762,0.12369337979094076,0.13459715639810427,0.8463,0.31404582100028017,71
1,348,2866,2.0,0.2,20,120,23.416690349578857,0.46368956565856934,23.880379915237427,54.42434883117676,50,0.14853556485355648,0.12369337979094076,0.13498098859315588,0.8474999999999999,0.3383558824413604,71
1,348,2866,2.0,0.2,40,40,16.128849267959595,0.46549010276794434,16.59433937072754,38.744561195373535,50,0.1425531914893617,0.11672473867595819,0.12835249042145594,0.8516,0.33265342118890207,67
1,348,2866,2.0,0.2,40,80,30.247573375701904,0.4642965793609619,30.711869955062866,72.72150230407715,50,0.15336134453781514,0.12717770034843207,0.13904761904761906,0.8418,0.3017339228314528,73
1,348,2866,2.0,0.2,40,120,45.04344582557678,0.46574878692626953,45.50919461250305,103.34407424926758,50,0.15031315240083507,0.1254355400696864,0.13675213675213674,0.8567,0.30478583652526664,72
1,348,2866,2.0,0.5,5,40,3.5479390621185303,0.4577920436859131,4.005731105804443,9.586265563964844,50,0.14315352697095435,0.12020905923344948,0.13068181818181818,0.8665,0.3425305280593603,69
1,348,2866,2.0,0.5,5,80,5.3999176025390625,0.4702630043029785,5.870180606842041,13.895914077758789,50,0.15031315240083507,0.1254355400696864,0.13675213675213674,0.8496,0.29859264880058684,72
1,348,2866,2.0,0.5,5,120,7.159135580062866,0.49608755111694336,7.65522313117981,17.72169303894043,50,0.15336134453781514,0.12717770034843207,0.13904761904761906,0.8622,0.3324884674408483,73
1,348,2866,2.0,0.5,10,40,5.352457046508789,0.47669029235839844,5.8291473388671875,13.808743476867676,50,0.14526315789473684,0.12020905923344948,0.13155386081982842,0.8446,0.3074030096190339,69
1,348,2866,2.0,0.5,10,80,8.977550029754639,0.45876193046569824,9.436311960220337,22.30367660522461,50,0.1401673640167364,0.11672473867595819,0.12737642585551331,0.8629,0.3649512375446812,67
1,348,2866,2.0,0.5,10,120,12.463101625442505,0.4597964286804199,12.922898054122925,29.951390266418457,50,0.1488469601677149,0.12369337979094076,0.1351094196003806,0.8619,0.35308153090781763,71
1,348,2866,2.0,0.5,20,40,8.774139881134033,0.45563244819641113,9.229772329330444,22.13381862640381,50,0.14468085106382977,0.11846689895470383,0.13026819923371646,0.8453,0.3016290967348164,68
1,348,2866,2.0,0.5,20,80,15.996381521224976,0.4678189754486084,16.464200496673584,39.104567527770996,50,0.15756302521008403,0.13066202090592335,0.14285714285714285,0.8504999999999999,0.37535104136147784,75
1,348,2866,2.0,0.5,20,120,23.177406787872314,0.45508408546447754,23.632490873336792,54.40558052062988,50,0.16910229645093947,0.14111498257839722,0.15384615384615385,0.8658,0.36873378188029854,81
1,348,2866,2.0,0.5,40,40,15.875518560409546,0.459244966506958,16.334763526916504,38.727861404418945,50,0.15578947368421053,0.1289198606271777,0.14108674928503337,0.8375000000000001,0.3635399422069251,74
1,348,2866,2.0,0.5,40,80,30.15933132171631,0.47467827796936035,30.63400959968567,72.7000560760498,50,0.15690376569037656,0.13066202090592335,0.14258555133079848,0.8403,0.3544874685564461,75
1,348,2866,2.0,0.5,40,120,44.919363021850586,0.47540283203125,45.394765853881836,103.31012153625488,50,0.1506276150627615,0.1254355400696864,0.13688212927756652,0.8399000000000001,0.33040179455620633,72
1,348,2866,2.0,0.7,5,40,3.5420732498168945,0.45577168464660645,3.997844934463501,9.58465576171875,50,0.14315352697095435,0.12020905923344948,0.13068181818181818,0.8615,0.34995731730518753,69
1,348,2866,2.0,0.7,5,80,5.331379652023315,0.4699516296386719,5.801331281661987,13.89050006866455,50,0.14375,0.12020905923344948,0.13092979127134724,0.8548,0.2946752776236757,69
1,348,2866,2.0,0.7,5,120,7.1398231983184814,0.46021294593811035,7.600036144256592,17.717915534973145,50,0.14556962025316456,0.12020905923344948,0.1316793893129771,0.8382999999999999,0.31832698988686386,69
1,348,2866,2.0,0.7,10,40,5.2379231452941895,0.4878103733062744,5.725733518600464,13.80702018737793,50,0.13445378151260504,0.11149825783972125,0.1219047619047619,0.8428,0.30693738655449143,64
1,348,2866,2.0,0.7,10,80,8.88640546798706,0.4739265441894531,9.360332012176514,22.301679611206055,50,0.14760914760914762,0.12369337979094076,0.13459715639810427,0.8601000000000001,0.3553814039083648,71
1,348,2866,2.0,0.7,10,120,12.43356966972351,0.4588968753814697,12.89246654510498,29.946386337280273,50,0.16666666666666666,0.13763066202090593,0.15076335877862596,0.8609,0.3294692933290039,79
1,348,2866,2.0,0.7,20,40,9.158447027206421,0.46709227561950684,9.625539302825928,22.128398895263672,50,0.15513626834381553,0.1289198606271777,0.14081826831588964,0.8544999999999999,0.29666761022590854,74
1,348,2866,2.0,0.7,20,80,15.85404658317566,0.456071138381958,16.310117721557617,39.09348106384277,50,0.15723270440251572,0.13066202090592335,0.142721217887726,0.8492,0.34835233388389025,75
1,348,2866,2.0,0.7,20,120,22.970369577407837,0.45964789390563965,23.430017471313477,54.3962459564209,50,0.15966386554621848,0.13240418118466898,0.14476190476190473,0.8573000000000001,0.36192585604795946,76
1,348,2866,2.0,0.7,40,40,15.513827323913574,0.4603307247161865,15.97415804862976,38.72069263458252,50,0.15481171548117154,0.1289198606271777,0.14068441064638784,0.8379,0.332317210690076,74
1,348,2866,2.0,0.7,40,80,30.173479795455933,0.47019124031066895,30.6436710357666,72.68828201293945,50,0.15756302521008403,0.13066202090592335,0.14285714285714285,0.8359,0.34258944379710865,75
1,348,2866,2.0,0.7,40,120,44.55439829826355,0.47074317932128906,45.02514147758484,103.30047607421875,50,0.15513626834381553,0.1289198606271777,0.14081826831588964,0.8483,0.3726627020056058,74
1,348,2866,2.0,1.0,5,40,3.5566365718841553,0.48604297637939453,4.04267954826355,9.582521438598633,50,0.1320754716981132,0.10975609756097561,0.11988582302568981,0.8618,0.2958689043799338,63
1,348,2866,2.0,1.0,5,80,5.413969278335571,0.49233341217041016,5.9063026905059814,13.887762069702148,50,0.14495798319327732,0.12020905923344948,0.13142857142857145,0.8507,0.3028610762486813,69
1,348,2866,2.0,1.0,5,120,7.179058790206909,0.45888781547546387,7.637946605682373,17.713839530944824,50,0.15157894736842106,0.1254355400696864,0.13727359389895138,0.8672,0.33700630420518374,72
1,348,2866,2.0,1.0,10,40,5.385396718978882,0.45508575439453125,5.840482473373413,13.8025484085083,50,0.13530655391120508,0.11149825783972125,0.12225405921680994,0.8408000000000001,0.33771475831711995,64
1,348,2866,2.0,1.0,10,80,9.064157724380493,0.4592583179473877,9.52341604232788,22.293662071228027,50,0.14767932489451477,0.12195121951219512,0.133587786259542,0.8428000000000001,0.3485254704684089,70
1,348,2866,2.0,1.0,10,120,12.364623785018921,0.46237897872924805,12.827002763748169,29.937278747558594,50,0.15031315240083507,0.1254355400696864,0.13675213675213674,0.8520000000000001,0.3455664094268846,72
1,348,2866,2.0,1.0,20,40,8.88437294960022,0.4654059410095215,9.349778890609741,22.122279167175293,50,0.14978902953586498,0.12369337979094076,0.13549618320610687,0.8306000000000001,0.352151557592734,71
1,348,2866,2.0,1.0,20,80,15.949357509613037,0.4617593288421631,16.4111168384552,39.08857250213623,50,0.14465408805031446,0.12020905923344948,0.1313035204567079,0.839,0.3722960522592877,69
1,348,2866,2.0,1.0,20,120,23.033002614974976,0.459397554397583,23.49240016937256,54.386579513549805,50,0.1431578947368421,0.11846689895470383,0.12964728312678744,0.8464,0.380858043554122,68
1,348,2866,2.0,1.0,40,40,15.691934585571289,0.5056920051574707,16.19762659072876,38.7153959274292,50,0.14012738853503184,0.11498257839721254,0.12631578947368421,0.8613,0.31043894325406923,66
1,348,2866,2.0,1.0,40,80,29.75735330581665,0.5083873271942139,30.265740633010864,72.67608737945557,50,0.15889830508474576,0.13066202090592335,0.14340344168260039,0.8551000000000001,0.3466346323883089,75
1,348,2866,2.0,1.0,40,120,44.249632120132446,0.4764442443847656,44.72607636451721,103.27798461914062,50,0.16596638655462184,0.13763066202090593,0.15047619047619049,0.8428,0.3460890214671727,79
1,348,2866,2.0,1.5,5,40,3.5898983478546143,0.48338794708251953,4.073286294937134,9.577109336853027,50,0.12447257383966245,0.10278745644599303,0.11259541984732825,0.8404,0.32061752182586717,59
1,348,2866,2.0,1.5,5,80,5.430552959442139,0.4705078601837158,5.9010608196258545,13.88003921508789,50,0.13179916317991633,0.10975609756097561,0.11977186311787072,0.8358,0.32962748803224995,63
1,348,2866,2.0,1.5,5,120,7.196110486984253,0.45645904541015625,7.652569532394409,17.706168174743652,50,0.14978902953586498,0.12369337979094076,0.13549618320610687,0.8455,0.3363308128725586,71
1,348,2866,2.0,1.5,10,40,5.238699913024902,0.4665975570678711,5.705297470092773,13.797696113586426,50,0.14345991561181434,0.11846689895470383,0.1297709923664122,0.8398,0.31608011891625337,68
1,348,2866,2.0,1.5,10,80,8.813378095626831,0.4620323181152344,9.275410413742065,22.285730361938477,50,0.14947368421052631,0.12369337979094076,0.1353670162059104,0.8573000000000001,0.33873035207348934,71
1,348,2866,2.0,1.5,10,120,12.264189720153809,0.4552440643310547,12.719433784484863,29.93259334564209,50,0.15336134453781514,0.12717770034843207,0.13904761904761906,0.8490000000000001,0.3445471246666553,73
1,348,2866,2.0,1.5,20,40,8.81070351600647,0.4546809196472168,9.265384435653687,22.115633964538574,50,0.13247863247863248,0.10801393728222997,0.11900191938579655,0.8338,0.33400008163023714,62
1,348,2866,2.0,1.5,20,80,15.602795362472534,0.4576258659362793,16.060421228408813,39.07579803466797,50,0.1464968152866242,0.12020905923344948,0.1320574162679426,0.8481,0.3494193470806373,69
1,348,2866,2.0,1.5,20,120,22.53335165977478,0.46533751487731934,22.9986891746521,54.374189376831055,50,0.15546218487394958,0.1289198606271777,0.14095238095238094,0.855,0.3798347466498275,74
1,348,2866,2.0,1.5,40,40,15.819025754928589,0.45653200149536133,16.27555775642395,38.70419979095459,50,0.1440501043841336,0.12020905923344948,0.13105413105413105,0.8376,0.3408746811159155,69
1,348,2866,2.0,1.5,40,80,29.8948073387146,0.48058629035949707,30.375393629074097,72.66292095184326,50,0.1543340380549683,0.12717770034843207,0.13944603629417382,0.82,0.34696595451474804,73
1,348,2866,2.0,1.5,40,120,44.36857557296753,0.4576456546783447,44.826221227645874,103.26304149627686,50,0.1483050847457627,0.12195121951219512,0.1338432122370937,0.8299,0.32285436787944244,70
1,348,2866,2.0,2.0,5,40,3.412729024887085,0.515444278717041,3.928173303604126,9.575611114501953,50,0.13559322033898305,0.11149825783972125,0.12237093690248566,0.8600000000000001,0.2848915752355031,64
1,348,2866,2.0,2.0,5,80,5.289019346237183,0.47817182540893555,5.767191171646118,13.874410629272461,50,0.12681912681912683,0.10627177700348432,0.11563981042654028,0.8486999999999999,0.31365296876326293,61
1,348,2866,2.0,2.0,5,120,6.992649793624878,0.456160306930542,7.44881010055542,17.703222274780273,50,0.15416666666666667,0.1289198606271777,0.14041745730550284,0.8489,0.3373330547707298,74
1,348,2866,2.0,2.0,10,40,5.215574026107788,0.46328020095825195,5.67885422706604,13.791747093200684,50,0.14225941422594143,0.11846689895470383,0.12927756653992395,0.8329,0.32720518963419576,68
1,348,2866,2.0,2.0,10,80,8.730594158172607,0.46773219108581543,9.198326349258423,22.283689498901367,50,0.16244725738396623,0.13414634146341464,0.14694656488549618,0.8293999999999999,0.345270726346094,77
1,348,2866,2.0,2.0,10,120,12.3287935256958,0.5061662197113037,12.834959745407104,29.92731761932373,50,0.16210526315789472,0.13414634146341464,0.14680648236415633,0.8532000000000001,0.3566672371131575,77
1,348,2866,2.0,2.0,20,40,8.667637825012207,0.47565627098083496,9.143294095993042,22.110005378723145,50,0.14105263157894737,0.11672473867595819,0.12774070543374644,0.827,0.30780909647035415,67
1,348,2866,2.0,2.0,20,80,15.653395652770996,0.47315192222595215,16.12654757499695,39.07171154022217,50,0.14498933901918976,0.11846689895470383,0.13039309683604985,0.8533999999999999,0.34062335426187423,68
1,348,2866,2.0,2.0,20,120,22.742905855178833,0.4643673896789551,23.207273244857788,54.36606407165527,50,0.14526315789473684,0.12020905923344948,0.13155386081982842,0.8604999999999999,0.3400537888556096,69
1,348,2866,2.0,2.0,40,40,15.587552070617676,0.49346494674682617,16.081017017364502,38.696441650390625,50,0.14799154334038056,0.12195121951219512,0.13371537726838587,0.8269,0.34164877061935883,70
1,348,2866,2.0,2.0,40,80,30.2574143409729,0.4600057601928711,30.71742010116577,72.65398979187012,50,0.14613778705636743,0.12195121951219512,0.1329534662867996,0.8319,0.31707392079306473,70
1,348,2866,2.0,2.0,40,120,43.63625168800354,0.48633408546447754,44.12258577346802,103.24949359893799,50,0.16,0.13240418118466898,0.14489990467111535,0.8290000000000001,0.3475741500575467,76
